F116,F115,F117,F121,F110,F64,F104,F101,F68,F72,F22,F77,status
1.0,0.333333333333,1.0,0.0,1.0,1342.0,0.0502215657312,0.527336448598,29.0,2658.0,2.0,9068.0,deleted
-1.0,0.333333333333,0.194444444444,0.00234466588511,-0.555555555556,1342.0,0.0502215657312,0.55023364486,29.0,2658.0,2.0,1117.0,deleted
1.0,0.333333333333,0.2,0.00234466588511,-0.6,1342.0,0.0502215657312,0.522196261682,29.0,2658.0,3.0,691.0,deleted
0.0,-1.0,0.0,0.0,-1.0,1342.0,0.0454545454545,0.377358490566,29.0,9780.0,2.0,1864.0,deleted
0.0,-1.0,0.0,0.0,-1.0,1342.0,0.0454545454545,0.358490566038,29.0,9780.0,2.0,2125.0,deleted
-1.0,-1.0,0.25,0.010550996483,-0.5,1342.0,1.4,0.875,29.0,4237.0,3.0,3525.0,deleted
1.0,1.0,0.04,0.010550996483,-0.808,1342.0,0.283018867925,0.477707006369,29.0,1414.0,3.0,702.0,close
-0.333333333333,-0.5,1.0,0.00234466588511,1.0,794.0,0.128514056225,0.784916201117,12.0,4522.0,3.0,2873.0,open
-1.0,-0.5,0.194444444444,0.00234466588511,-0.555555555556,794.0,0.128514056225,0.307262569832,12.0,4522.0,2.0,6867.0,close
-0.333333333333,-0.5,0.194444444444,0.00234466588511,-0.555555555556,794.0,0.128514056225,0.776536312849,12.0,4522.0,2.0,6867.0,open
-0.333333333333,-0.5,0.0921052631579,0.010550996483,-0.513157894737,794.0,0.128514056225,0.846368715084,12.0,4522.0,3.0,2019.0,open
-1.0,-1.0,0.0,0.0,-1.0,794.0,0.683333333333,0.596774193548,12.0,7756.0,3.0,7044.0,open
-1.0,-1.0,0.0921052631579,0.010550996483,-0.513157894737,794.0,0.217391304348,0.428571428571,12.0,5759.0,3.0,3666.0,deleted
-1.0,-1.0,0.0921052631579,0.010550996483,-0.513157894737,131.0,0.617647058824,0.89552238806,5.0,9785.0,3.0,6143.0,deleted
0.0,-1.0,0.0,0.00117233294256,-1.0,127.0,0.255813953488,0.582089552239,4.0,8218.0,2.0,7506.0,close
-1.0,-1.0,0.0921052631579,0.010550996483,-0.513157894737,92.0,0.75,0.934426229508,4.0,2658.0,3.0,6143.0,close
0.0,-1.0,0.0,0.00234466588511,-1.0,99.0,0.161538461538,0.252747252747,3.0,9785.0,1.0,9073.0,open
0.0,-1.0,0.0,0.00234466588511,-1.0,99.0,1.5,0.815789473684,3.0,6489.0,1.0,5777.0,open
0.0,-1.0,0.0,0.00234466588511,-1.0,78.0,1.5,0.939393939394,6.0,9066.0,1.0,8354.0,open
0.0,-1.0,0.0,0.00234466588511,-1.0,78.0,0.777777777778,0.6,6.0,9785.0,1.0,9073.0,open
0.0,-1.0,0.0,0.00234466588511,-1.0,78.0,0.857142857143,0.804347826087,6.0,7939.0,1.0,7227.0,open
-1.0,-1.0,0.0526315789474,0.0,-0.894736842105,712.0,0.153374233129,0.635135135135,16.0,7809.0,1.0,1240.0,open
-1.0,-1.0,0.0526315789474,0.0,-0.894736842105,712.0,0.153374233129,0.963963963964,16.0,7809.0,1.0,2873.0,open
-0.5,-1.0,0.0,0.00234466588511,-1.0,712.0,1.44444444444,0.829365079365,16.0,2240.0,3.0,1528.0,open
-0.5,-1.0,0.0,0.00234466588511,-1.0,712.0,1.44444444444,0.90873015873,16.0,2240.0,3.0,1528.0,open
-1.0,0.0,0.0,0.010550996483,-1.0,712.0,0.237226277372,0.80343980344,16.0,2303.0,2.0,1591.0,open
-1.0,-0.6,0.0,0.010550996483,-1.0,801.0,0.155555555556,0.834710743802,20.0,7471.0,3.0,6692.0,open
-1.0,-0.6,0.0,0.010550996483,-1.0,801.0,0.155555555556,0.805785123967,20.0,7471.0,3.0,6692.0,open
-0.333333333333,-0.6,0.194444444444,0.00234466588511,-0.555555555556,801.0,0.155555555556,0.388429752066,20.0,7471.0,2.0,2873.0,open
-0.333333333333,-0.6,0.194444444444,0.00234466588511,-0.555555555556,801.0,0.155555555556,0.578512396694,20.0,7471.0,2.0,6759.0,open
-0.333333333333,-0.6,0.194444444444,0.00234466588511,-0.555555555556,801.0,0.155555555556,0.636363636364,20.0,7471.0,2.0,6759.0,open
1.0,0.0,0.194444444444,0.00234466588511,-0.555555555556,801.0,0.0866510538642,0.846899224806,20.0,4522.0,2.0,6759.0,open
0.0,0.0,0.194444444444,0.00234466588511,-0.555555555556,801.0,0.0866510538642,0.286821705426,20.0,4522.0,2.0,6759.0,open
0.0,0.0,0.194444444444,0.00234466588511,-0.555555555556,801.0,0.0866510538642,0.323643410853,20.0,4522.0,2.0,6787.0,open
-1.0,0.0,0.5,0.0,0.0,801.0,0.0866510538642,0.441860465116,20.0,4522.0,2.0,2504.0,open
0.0,-1.0,0.0,0.00234466588511,-1.0,801.0,0.595238095238,0.0386597938144,20.0,712.0,3.0,9466.0,open
0.0,-1.0,0.0,0.00234466588511,-1.0,801.0,1.2,0.11811023622,20.0,712.0,3.0,9466.0,close
0.0,-1.0,0.0,0.00234466588511,-1.0,801.0,1.64285714286,0.8,20.0,6504.0,2.0,5792.0,open
0.0,-1.0,0.0,0.00234466588511,-1.0,801.0,1.64285714286,0.8,20.0,6504.0,2.0,5792.0,open
0.0,-1.0,0.0,0.00234466588511,-1.0,801.0,1.2,0.11811023622,20.0,712.0,3.0,9466.0,close
0.0,-1.0,0.0,0.00234466588511,-1.0,801.0,1.30508474576,0.102564102564,20.0,712.0,3.0,9466.0,close
0.0,-1.0,0.0,0.00234466588511,-1.0,801.0,0.992248062016,0.0542372881356,20.0,712.0,3.0,9466.0,open
-1.0,-1.0,0.0405405405405,0.010550996483,-0.912162162162,649.0,0.359669811321,0.778790389395,2.0,712.0,3.0,9466.0,open
-1.0,-1.0,0.0405405405405,0.010550996483,-0.912162162162,649.0,0.359669811321,0.821043910522,2.0,712.0,3.0,9466.0,open
-1.0,-1.0,0.0405405405405,0.010550996483,-0.912162162162,649.0,0.359669811321,0.863297431649,2.0,712.0,3.0,9466.0,open
-1.0,-1.0,0.0405405405405,0.010550996483,-0.912162162162,649.0,0.359669811321,0.908864954432,2.0,712.0,3.0,9466.0,open
-1.0,-1.0,0.0526315789474,0.0,-0.894736842105,649.0,0.359669811321,0.305716652858,2.0,712.0,1.0,9466.0,open
-1.0,-1.0,0.0526315789474,0.0,-0.894736842105,649.0,0.359669811321,0.330571665286,2.0,712.0,1.0,9466.0,open
-1.0,-1.0,0.0,0.0,-1.0,649.0,0.359669811321,0.127589063795,2.0,712.0,2.0,9466.0,open
-1.0,-1.0,0.0,0.0,-1.0,649.0,0.359669811321,0.200497100249,2.0,712.0,2.0,9466.0,open
-1.0,-1.0,0.0,0.0,-1.0,649.0,0.359669811321,0.160729080365,2.0,712.0,3.0,9466.0,open
-1.0,-1.0,0.0,0.0,-1.0,649.0,0.359669811321,0.184755592378,2.0,712.0,3.0,9466.0,open
-1.0,-1.0,0.0,0.0,-1.0,649.0,0.359669811321,0.252692626346,2.0,712.0,3.0,9466.0,open
-1.0,-1.0,0.0,0.0,-1.0,649.0,0.359669811321,0.277547638774,2.0,712.0,3.0,9466.0,open
-1.0,-1.0,0.0,0.0,-1.0,649.0,0.359669811321,0.327257663629,2.0,712.0,3.0,9466.0,open
-1.0,-1.0,0.0,0.0,-1.0,649.0,0.359669811321,0.352112676056,2.0,712.0,3.0,9466.0,open
-1.0,-1.0,0.0,0.0,-1.0,649.0,0.359669811321,0.371168185584,2.0,712.0,3.0,9466.0,open
-1.0,-1.0,0.04,0.010550996483,-0.808,649.0,0.410112359551,0.441947565543,2.0,712.0,3.0,9466.0,open
-1.0,-1.0,0.04,0.010550996483,-0.808,649.0,0.410112359551,0.951310861423,2.0,712.0,3.0,9466.0,open
-1.0,-1.0,0.04,0.010550996483,-0.808,649.0,0.410112359551,0.898876404494,2.0,712.0,3.0,9466.0,open
-1.0,-1.0,0.0921052631579,0.010550996483,-0.513157894737,1264.0,0.26267281106,0.815642458101,28.0,3585.0,3.0,2873.0,open
-1.0,-1.0,0.0921052631579,0.010550996483,-0.513157894737,1264.0,0.26267281106,0.634078212291,28.0,3585.0,3.0,2873.0,open
-1.0,-1.0,0.0921052631579,0.010550996483,-0.513157894737,1264.0,0.26267281106,0.54469273743,28.0,3585.0,3.0,2873.0,open
0.0,-1.0,0.347826086957,0.0,-0.217391304348,1264.0,0.14358974359,0.685512367491,28.0,3585.0,3.0,9073.0,open
-1.0,-1.0,0.04,0.010550996483,-0.808,1264.0,0.0983935742972,0.788161993769,28.0,3585.0,3.0,1232.0,open
0.0,-1.0,0.347826086957,0.0,-0.217391304348,1264.0,0.0983935742972,0.168224299065,28.0,3585.0,3.0,9073.0,open
-1.0,-1.0,0.0405405405405,0.010550996483,-0.912162162162,1264.0,0.267605633803,0.981981981982,28.0,3585.0,2.0,2422.0,open
-1.0,-1.0,0.0921052631579,0.010550996483,-0.513157894737,1264.0,0.267605633803,0.594594594595,28.0,3585.0,3.0,733.0,open
0.0,-1.0,0.0,0.0,-1.0,1264.0,0.442307692308,0.422222222222,28.0,4371.0,2.0,7028.0,open
0.0,-1.0,0.347826086957,0.0,-0.217391304348,373.0,0.821428571429,0.645161290323,17.0,2065.0,3.0,1353.0,open
-1.0,-1.0,0.0,0.010550996483,-1.0,373.0,0.462962962963,0.537634408602,17.0,4371.0,1.0,2873.0,open
0.0,-1.0,0.347826086957,0.0,-0.217391304348,373.0,0.821428571429,0.645161290323,17.0,2065.0,3.0,1353.0,open
-1.0,-1.0,0.194444444444,0.00234466588511,-0.555555555556,97.0,0.268115942029,0.683035714286,3.0,2658.0,2.0,4696.0,open
-1.0,-1.0,0.194444444444,0.00234466588511,-0.555555555556,97.0,0.268115942029,0.866071428571,3.0,2658.0,2.0,4696.0,open
-1.0,-1.0,0.194444444444,0.00234466588511,-0.555555555556,97.0,0.268115942029,0.544642857143,3.0,2658.0,2.0,4696.0,open
-1.0,-1.0,0.0,0.0,-1.0,97.0,0.268115942029,0.504464285714,3.0,2658.0,2.0,4696.0,open
1.0,-0.5,0.8,0.010550996483,0.6,1475.0,0.246056782334,0.668094218415,16.0,3585.0,2.0,2873.0,open
0.0,-0.5,0.0,0.00234466588511,-1.0,1475.0,0.246056782334,0.541755888651,16.0,3585.0,3.0,2873.0,open
-1.0,-0.5,0.0,0.010550996483,-1.0,1475.0,0.246056782334,0.374732334047,16.0,3585.0,2.0,2873.0,open
0.0,0.0,0.0,0.00234466588511,-1.0,1475.0,0.545454545455,0.607142857143,16.0,4561.0,3.0,3849.0,open
1.0,0.0,0.5,0.0,0.0,1475.0,0.545454545455,0.857142857143,16.0,4561.0,2.0,2873.0,open
-1.0,-1.0,0.384615384615,0.0,-0.153846153846,788.0,0.208333333333,0.966037735849,10.0,5626.0,1.0,1151.0,open
1.0,1.0,0.0526315789474,0.0,-0.894736842105,788.0,0.29702970297,0.6,10.0,4237.0,1.0,1640.0,open
-1.0,-1.0,0.0,0.0,-1.0,165.0,0.1328125,0.617318435754,2.0,888.0,1.0,176.0,open
-1.0,-0.666666666667,0.0921052631579,0.010550996483,-0.513157894737,172.0,0.21875,0.918918918919,11.0,1364.0,3.0,652.0,close
-1.0,-0.666666666667,0.0921052631579,0.010550996483,-0.513157894737,172.0,0.21875,0.567567567568,11.0,1364.0,3.0,652.0,open
-1.0,-0.666666666667,0.0921052631579,0.010550996483,-0.513157894737,172.0,0.21875,0.817567567568,11.0,1364.0,3.0,652.0,open
0.0,-0.666666666667,0.347826086957,0.0,-0.217391304348,172.0,0.21875,0.655405405405,11.0,1364.0,3.0,652.0,open
0.0,-0.666666666667,0.347826086957,0.0,-0.217391304348,172.0,0.21875,0.743243243243,11.0,1364.0,3.0,652.0,close
0.0,-0.666666666667,0.0,0.00117233294256,-1.0,172.0,0.21875,0.581081081081,11.0,1364.0,2.0,652.0,open
-1.0,-1.0,0.0,0.0,-0.833333333333,1167.0,0.0542540073983,0.252085264133,21.0,978.0,2.0,5945.0,deleted
-1.0,-1.0,0.0,0.0,-0.857142857143,1167.0,0.0542540073983,0.381835032437,21.0,978.0,2.0,5945.0,close
0.0,0.0,0.0,0.00234466588511,-0.666666666667,961.0,1.0,0.584905660377,22.0,8221.0,2.0,7509.0,deleted
0.0,-1.0,0.0,0.00234466588511,-1.0,1167.0,0.378048780488,0.383458646617,21.0,1978.0,3.0,1266.0,open
0.0,-1.0,0.0,0.0,-1.0,768.0,0.444444444444,0.328571428571,21.0,1575.0,1.0,841.0,open
-0.5,-1.0,0.0,0.00234466588511,-1.0,768.0,0.444444444444,0.607142857143,21.0,1575.0,3.0,863.0,open
-1.0,-1.0,0.0921052631579,0.010550996483,-0.513157894737,768.0,0.53125,0.864406779661,21.0,1575.0,3.0,863.0,open
1.0,1.0,0.0921052631579,0.010550996483,-0.513157894737,768.0,0.575757575758,0.786885245902,21.0,1540.0,3.0,828.0,open
0.0,1.0,0.25,0.0,-0.125,2823.0,0.14375,0.740909090909,62.0,1547.0,2.0,835.0,close
1.0,1.0,0.5,0.0,0.0,2823.0,0.386666666667,0.861788617886,62.0,1575.0,2.0,835.0,open
1.0,1.0,0.0405405405405,0.010550996483,-0.912162162162,2823.0,0.395348837209,0.797297297297,62.0,1547.0,2.0,835.0,open
1.0,1.0,0.0405405405405,0.010550996483,-0.912162162162,2823.0,0.395348837209,0.824324324324,62.0,1547.0,2.0,835.0,open
1.0,1.0,0.0405405405405,0.010550996483,-0.912162162162,2823.0,0.395348837209,0.756756756757,62.0,1547.0,2.0,835.0,open
0.0,-1.0,0.347826086957,0.0,-0.217391304348,2823.0,0.255952380952,0.542635658915,62.0,1423.0,3.0,711.0,open
0.0,1.0,0.347826086957,0.0,-0.217391304348,2823.0,0.425,0.661764705882,62.0,1575.0,3.0,863.0,open
1.0,1.0,0.444444444444,0.010550996483,0.0,2823.0,0.187050359712,0.833333333333,62.0,1472.0,2.0,812.0,open
1.0,1.0,0.8,0.010550996483,0.6,2823.0,0.270491803279,0.413793103448,62.0,1575.0,3.0,760.0,open
1.0,1.0,0.5,0.0,0.0,2823.0,0.112860892388,0.295918367347,62.0,1575.0,2.0,804.0,close
1.0,1.0,0.444444444444,0.010550996483,0.0,2823.0,0.112860892388,0.569387755102,62.0,1575.0,3.0,863.0,deleted
1.0,1.0,0.0405405405405,0.010550996483,-0.912162162162,2823.0,0.180952380952,0.474820143885,62.0,1575.0,1.0,863.0,deleted
1.0,1.0,0.0405405405405,0.010550996483,-0.912162162162,2823.0,0.180952380952,0.546762589928,62.0,1575.0,1.0,863.0,deleted
-1.0,-1.0,0.0,0.00234466588511,-1.0,2823.0,0.1,0.128125,62.0,1449.0,2.0,9466.0,deleted
1.0,1.0,0.384615384615,0.0,-0.153846153846,2823.0,0.0801033591731,0.208860759494,62.0,1575.0,1.0,863.0,deleted
1.0,1.0,1.0,0.0,1.0,2823.0,0.0801033591731,0.411392405063,62.0,1575.0,2.0,863.0,deleted
1.0,1.0,1.0,0.0,1.0,2823.0,0.0801033591731,0.316455696203,62.0,1575.0,2.0,863.0,deleted
1.0,1.0,1.0,0.0,1.0,2823.0,0.0801033591731,0.198312236287,62.0,1575.0,3.0,863.0,deleted
1.0,1.0,0.384615384615,0.0,-0.153846153846,2823.0,0.0801033591731,0.445147679325,62.0,1575.0,1.0,863.0,deleted
1.0,1.0,0.384615384615,0.0,-0.153846153846,2823.0,0.142857142857,0.558282208589,62.0,1575.0,1.0,863.0,close
1.0,1.0,0.384615384615,0.0,-0.153846153846,2823.0,0.142857142857,0.748466257669,62.0,1575.0,1.0,863.0,close
1.0,1.0,0.384615384615,0.0,-0.153846153846,2823.0,0.142857142857,0.398773006135,62.0,1575.0,1.0,863.0,close
0.0,1.0,0.75,0.0,0.75,2823.0,0.142857142857,0.337423312883,62.0,1575.0,2.0,863.0,close
0.0,1.0,0.75,0.0,0.75,2823.0,0.142857142857,0.325153374233,62.0,1575.0,2.0,863.0,close
0.0,1.0,0.75,0.0,0.75,2823.0,0.142857142857,0.312883435583,62.0,1575.0,2.0,863.0,open
0.0,1.0,0.25,0.0,-0.125,2823.0,0.142857142857,0.78527607362,62.0,1575.0,2.0,863.0,close
0.0,-1.0,0.347826086957,0.0,-0.217391304348,532.0,0.586206896552,0.673076923077,19.0,1575.0,3.0,863.0,deleted
0.0,-1.0,0.347826086957,0.0,-0.217391304348,532.0,0.68,0.75,19.0,1575.0,3.0,863.0,close
0.0,-1.0,0.25,0.0,-0.125,532.0,0.174698795181,0.610619469027,19.0,1575.0,2.0,863.0,close
0.0,-1.0,0.0,0.00117233294256,-1.0,61.0,0.393939393939,0.414414414414,3.0,8260.0,2.0,5957.0,close
0.0,-1.0,0.0,0.00117233294256,-1.0,61.0,0.393939393939,0.927927927928,3.0,8260.0,2.0,7548.0,close
0.0,-1.0,0.0,0.00234466588511,-1.0,2568.0,1.46,0.0615942028986,83.0,712.0,3.0,9466.0,close
0.0,-1.0,0.0,0.00234466588511,-1.0,2568.0,1.18032786885,0.139072847682,83.0,712.0,3.0,9466.0,close
-1.0,-1.0,0.0,0.00117233294256,-0.918918918919,2568.0,0.958333333333,0.75,83.0,3432.0,3.0,1544.0,deleted
0.0,-1.0,0.0,0.00234466588511,-1.0,2568.0,1.54430379747,0.0755555555556,83.0,712.0,3.0,9466.0,deleted
-1.0,-1.0,0.0,0.00117233294256,-0.918918918919,2568.0,0.958333333333,0.75,83.0,1168.0,3.0,1544.0,deleted
0.0,-1.0,0.0,0.00234466588511,-1.0,2568.0,1.11475409836,0.136054421769,83.0,712.0,3.0,9466.0,open
-1.0,-1.0,0.0,0.00117233294256,-0.918918918919,2568.0,0.958333333333,0.75,83.0,1168.0,3.0,1544.0,close
-1.0,-1.0,0.0,0.00117233294256,-0.918918918919,2568.0,0.958333333333,0.75,83.0,3432.0,3.0,1544.0,close
0.0,-1.0,0.0,0.010550996483,-1.0,2568.0,1.64285714286,0.0692041522491,83.0,712.0,3.0,9466.0,close
0.0,-1.0,0.0,0.00234466588511,-1.0,2568.0,1.64285714286,0.0692041522491,83.0,712.0,3.0,9466.0,close
0.0,-1.0,0.0,0.010550996483,-1.0,2568.0,1.28148148148,0.0433526011561,83.0,712.0,3.0,9466.0,close
0.0,-1.0,0.0,0.00234466588511,-1.0,2568.0,1.28148148148,0.0433526011561,83.0,712.0,3.0,9466.0,close
-1.0,-1.0,0.0,0.00117233294256,-0.918918918919,2568.0,0.958333333333,0.75,83.0,3432.0,3.0,1544.0,close
0.0,-1.0,0.0,0.00234466588511,-1.0,2568.0,1.15555555556,0.0958904109589,83.0,712.0,3.0,9466.0,close
-1.0,-1.0,0.0,0.00117233294256,-0.918918918919,2568.0,0.958333333333,0.75,83.0,1168.0,3.0,1544.0,close
0.0,-1.0,0.0,0.00234466588511,-1.0,2568.0,1.85365853659,0.0613026819923,83.0,712.0,3.0,9466.0,close
0.0,-1.0,0.0,0.00234466588511,-1.0,2568.0,1.3125,0.0478723404255,83.0,712.0,3.0,9466.0,close
-1.0,-1.0,0.0,0.00117233294256,-0.918918918919,2568.0,0.958333333333,0.75,83.0,1168.0,3.0,1544.0,close
0.0,-1.0,0.0,0.00234466588511,-1.0,2568.0,2.4875,0.0343698854337,83.0,712.0,3.0,9466.0,open
0.0,-1.0,0.0,0.00234466588511,-1.0,2568.0,0.861111111111,0.111111111111,83.0,712.0,3.0,9466.0,open
-1.0,-1.0,0.0,0.00117233294256,-0.918918918919,2568.0,0.958333333333,0.75,83.0,3432.0,3.0,1544.0,deleted
-1.0,-1.0,0.0,0.00117233294256,-0.918918918919,2568.0,0.958333333333,0.75,83.0,3432.0,3.0,1544.0,open
-1.0,-1.0,0.0,0.010550996483,-1.0,2568.0,1.34259259259,0.385416666667,83.0,712.0,2.0,9466.0,open
0.0,-1.0,0.0,0.010550996483,-1.0,2568.0,1.27272727273,0.197674418605,83.0,712.0,3.0,9466.0,open
0.0,-1.0,0.0,0.00234466588511,-1.0,2568.0,1.27272727273,0.197674418605,83.0,712.0,3.0,9466.0,open
-1.0,-1.0,0.0,0.00117233294256,-0.918918918919,2568.0,0.958333333333,0.75,83.0,1168.0,3.0,1544.0,open
-1.0,-1.0,0.166666666667,0.010550996483,-0.333333333333,2568.0,0.958333333333,0.625,83.0,1168.0,2.0,2720.0,open
0.0,-1.0,0.0,0.010550996483,-1.0,2568.0,0.939393939394,0.2,83.0,712.0,3.0,9466.0,open
0.0,-1.0,0.0,0.00234466588511,-1.0,2568.0,0.939393939394,0.2,83.0,712.0,3.0,9466.0,open
-1.0,-1.0,0.0,0.00117233294256,-0.918918918919,2568.0,0.958333333333,0.75,83.0,3432.0,3.0,1544.0,open
0.0,-1.0,0.0,0.00234466588511,-1.0,2568.0,1.79646017699,0.0514285714286,83.0,712.0,3.0,9466.0,open
-1.0,-1.0,0.0,0.00117233294256,-0.918918918919,2568.0,0.958333333333,0.75,83.0,1168.0,3.0,1544.0,open
0.0,-1.0,0.0,0.00234466588511,-1.0,2568.0,1.06557377049,0.145833333333,83.0,712.0,3.0,9466.0,open
-1.0,-1.0,0.0,0.00117233294256,-0.918918918919,2568.0,0.958333333333,0.75,83.0,3432.0,3.0,1544.0,open
0.0,-1.0,0.0,0.00234466588511,-1.0,2568.0,0.728971962617,0.0697674418605,83.0,712.0,3.0,9466.0,open
-1.0,-1.0,0.0,0.00117233294256,-0.918918918919,2568.0,0.958333333333,0.75,83.0,1168.0,3.0,1544.0,open
-1.0,-1.0,0.166666666667,0.010550996483,-0.333333333333,2568.0,0.958333333333,0.625,83.0,1168.0,2.0,2720.0,open
0.0,-1.0,0.0,0.010550996483,-1.0,2568.0,1.08108108108,0.163043478261,83.0,712.0,3.0,9466.0,open
0.0,-1.0,0.0,0.00234466588511,-1.0,2568.0,1.08108108108,0.163043478261,83.0,712.0,3.0,9466.0,open
0.0,-1.0,0.0,0.00234466588511,-1.0,2568.0,0.569620253165,0.0526315789474,83.0,712.0,3.0,9466.0,open
0.0,-1.0,0.0,0.00234466588511,-1.0,2568.0,1.21739130435,0.125,83.0,712.0,3.0,9466.0,open
0.0,-1.0,0.0,0.00234466588511,-1.0,2568.0,1.0,0.121428571429,83.0,712.0,3.0,9466.0,open
-1.0,-1.0,0.0,0.00117233294256,-0.918918918919,2568.0,0.958333333333,0.75,83.0,3432.0,3.0,1544.0,open
0.0,-1.0,0.0,0.00234466588511,-1.0,2568.0,1.54430379747,0.0933333333333,83.0,712.0,3.0,9466.0,open
-1.0,-1.0,0.0,0.00117233294256,-0.918918918919,2568.0,0.958333333333,0.75,83.0,1168.0,3.0,1544.0,open
0.0,-1.0,0.0,0.00234466588511,-1.0,2568.0,1.71052631579,0.0495626822157,83.0,712.0,3.0,9466.0,open
-1.0,-1.0,0.0,0.00117233294256,-0.918918918919,2568.0,0.958333333333,0.75,83.0,3432.0,3.0,1544.0,open
-1.0,-1.0,0.444444444444,0.010550996483,0.0,2568.0,1.38181818182,0.335596508244,83.0,712.0,3.0,9466.0,open
0.0,-1.0,0.0,0.010550996483,-1.0,2568.0,1.38181818182,0.0213385063046,83.0,712.0,3.0,9466.0,open
0.0,-1.0,0.0,0.00234466588511,-1.0,2568.0,1.38181818182,0.0213385063046,83.0,712.0,3.0,9466.0,open
-1.0,-1.0,0.444444444444,0.010550996483,0.0,2568.0,1.24017467249,0.412173913043,83.0,712.0,3.0,9466.0,open
0.0,-1.0,0.0,0.00234466588511,-1.0,2568.0,1.24017467249,0.0347826086957,83.0,712.0,3.0,9466.0,open
-1.0,-1.0,0.0,0.00117233294256,-0.918918918919,2568.0,0.958333333333,0.75,83.0,1168.0,3.0,1544.0,open
0.0,-1.0,0.0,0.00234466588511,-1.0,2568.0,1.17796610169,0.0546075085324,83.0,712.0,3.0,9466.0,open
0.0,-1.0,0.0,0.00234466588511,-1.0,2568.0,0.967213114754,0.108695652174,83.0,712.0,3.0,9466.0,open
0.0,-1.0,0.0,0.00234466588511,-1.0,2568.0,1.66666666667,0.0801393728223,83.0,712.0,3.0,9466.0,open
0.0,-1.0,0.0,0.00234466588511,-1.0,2568.0,0.730434782609,0.0646551724138,83.0,712.0,3.0,9466.0,open
-1.0,-1.0,0.04,0.010550996483,-0.808,2568.0,0.985294117647,0.799568965517,83.0,712.0,3.0,9466.0,open
0.0,-1.0,0.0,0.010550996483,-1.0,2568.0,0.985294117647,0.0431034482759,83.0,712.0,3.0,9466.0,open
0.0,-1.0,0.0,0.00234466588511,-1.0,2568.0,0.985294117647,0.0431034482759,83.0,712.0,3.0,9466.0,open
0.0,-1.0,0.0,0.010550996483,-1.0,2568.0,1.32432432432,0.15306122449,83.0,712.0,3.0,9466.0,open
0.0,-1.0,0.0,0.00234466588511,-1.0,2568.0,1.32432432432,0.15306122449,83.0,712.0,3.0,9466.0,open
-1.0,-1.0,0.0,0.00117233294256,-0.918918918919,2568.0,0.958333333333,0.75,83.0,1168.0,3.0,1544.0,open
0.0,-1.0,0.0,0.00234466588511,-1.0,2568.0,0.677419354839,0.0824175824176,83.0,712.0,3.0,9466.0,open
-1.0,-1.0,0.0,0.00117233294256,-0.918918918919,2568.0,0.958333333333,0.75,83.0,3432.0,3.0,1544.0,open
0.0,-1.0,0.0,0.010550996483,-1.0,2568.0,1.51807228916,0.0882352941176,83.0,712.0,3.0,9466.0,open
0.0,-1.0,0.0,0.00234466588511,-1.0,2568.0,1.51807228916,0.0882352941176,83.0,712.0,3.0,9466.0,open
-1.0,-1.0,0.0,0.00117233294256,-0.918918918919,2568.0,0.958333333333,0.75,83.0,1168.0,3.0,1544.0,open
0.0,-1.0,0.0,0.010550996483,-1.0,2568.0,0.708333333333,0.36170212766,83.0,712.0,3.0,9466.0,open
0.0,-1.0,0.0,0.00234466588511,-1.0,2568.0,0.708333333333,0.36170212766,83.0,712.0,3.0,9466.0,open
-1.0,-1.0,0.0,0.00117233294256,-0.918918918919,2568.0,0.958333333333,0.75,83.0,3432.0,3.0,1544.0,open
-1.0,-1.0,0.0,0.00117233294256,-0.918918918919,2568.0,0.958333333333,0.75,83.0,1168.0,3.0,1544.0,open
-1.0,-1.0,0.0,0.010550996483,-1.0,2568.0,0.958333333333,0.625,83.0,1168.0,2.0,2720.0,open
-1.0,-1.0,0.0,0.010550996483,-1.0,2568.0,0.958333333333,0.642857142857,83.0,1168.0,3.0,2720.0,open
0.0,-1.0,0.0,0.00234466588511,-1.0,2568.0,1.0,0.126050420168,83.0,712.0,3.0,9466.0,open
-1.0,-1.0,0.0,0.00117233294256,-0.918918918919,2568.0,0.958333333333,0.75,83.0,1168.0,3.0,1544.0,open
0.0,-1.0,0.0,0.010550996483,-1.0,2568.0,1.08108108108,0.0934065934066,83.0,712.0,3.0,9466.0,open
0.0,-1.0,0.0,0.00234466588511,-1.0,2568.0,1.08108108108,0.0934065934066,83.0,712.0,3.0,9466.0,open
-1.0,-1.0,0.0,0.00117233294256,-0.918918918919,2568.0,0.958333333333,0.75,83.0,3432.0,3.0,1544.0,deleted
0.0,-1.0,0.0,0.00234466588511,-1.0,2568.0,1.13924050633,0.0880829015544,83.0,712.0,3.0,9466.0,open
-1.0,-1.0,0.0,0.00117233294256,-0.918918918919,2568.0,0.958333333333,0.75,83.0,3432.0,3.0,1544.0,deleted
-1.0,-1.0,0.04,0.010550996483,-0.808,2568.0,0.963302752294,0.87044534413,83.0,712.0,3.0,9466.0,open
0.0,-1.0,0.0,0.010550996483,-1.0,2568.0,0.963302752294,0.080971659919,83.0,712.0,3.0,9466.0,deleted
0.0,-1.0,0.0,0.00234466588511,-1.0,2568.0,0.963302752294,0.080971659919,83.0,712.0,3.0,9466.0,open
-1.0,-1.0,0.0,0.00117233294256,-0.918918918919,2568.0,0.958333333333,0.75,83.0,1168.0,3.0,1544.0,open
0.0,-1.0,0.0,0.010550996483,-1.0,2568.0,0.984375,0.107382550336,83.0,712.0,3.0,9466.0,open
0.0,-1.0,0.0,0.00234466588511,-1.0,2568.0,0.984375,0.107382550336,83.0,712.0,3.0,9466.0,open
-1.0,-1.0,0.0,0.00117233294256,-0.918918918919,2568.0,0.958333333333,0.75,83.0,1168.0,3.0,1544.0,open
-1.0,-1.0,0.04,0.010550996483,-0.808,2568.0,1.06722689076,0.95,83.0,712.0,3.0,9466.0,open
0.0,-1.0,0.0,0.00234466588511,-1.0,2568.0,1.06722689076,0.0535714285714,83.0,712.0,3.0,9466.0,open
-1.0,-1.0,0.0,0.00117233294256,-0.918918918919,2568.0,0.958333333333,0.75,83.0,3432.0,3.0,1544.0,open
-1.0,-1.0,0.0,0.010550996483,-1.0,2568.0,1.34259259259,0.385416666667,83.0,712.0,2.0,9466.0,open
0.0,-1.0,0.0,0.010550996483,-1.0,2568.0,1.0,0.146551724138,83.0,712.0,3.0,9466.0,open
0.0,-1.0,0.0,0.00234466588511,-1.0,2568.0,1.0,0.146551724138,83.0,712.0,3.0,9466.0,open
0.0,-1.0,0.0,0.00234466588511,-1.0,2568.0,1.34259259259,0.0590277777778,83.0,712.0,3.0,9466.0,open
0.0,-1.0,0.0,0.00234466588511,-1.0,2568.0,1.80769230769,0.0607287449393,83.0,712.0,3.0,9466.0,open
-1.0,-1.0,0.0,0.00117233294256,-0.918918918919,2568.0,0.958333333333,0.75,83.0,3432.0,3.0,1544.0,open
-1.0,-1.0,0.0,0.00117233294256,-0.918918918919,2568.0,0.958333333333,0.75,83.0,1168.0,3.0,1544.0,open
-1.0,-1.0,0.166666666667,0.010550996483,-0.333333333333,2568.0,0.958333333333,0.625,83.0,1168.0,2.0,2720.0,open
0.0,-1.0,0.0,0.010550996483,-1.0,2568.0,2.2676056338,0.0661478599222,83.0,712.0,3.0,9466.0,open
0.0,-1.0,0.0,0.00234466588511,-1.0,2568.0,2.2676056338,0.0661478599222,83.0,712.0,3.0,9466.0,open
-1.0,-1.0,0.0,0.010550996483,-1.0,2568.0,2.2676056338,0.910505836576,83.0,712.0,2.0,9466.0,open
-1.0,-1.0,0.0,0.00117233294256,-0.918918918919,2568.0,0.958333333333,0.75,83.0,3432.0,3.0,1544.0,open
0.0,-1.0,0.0,0.00234466588511,-1.0,2568.0,1.78481012658,0.0860655737705,83.0,712.0,3.0,9466.0,open
-1.0,-1.0,0.0,0.00117233294256,-0.918918918919,2568.0,0.958333333333,0.75,83.0,1168.0,3.0,1544.0,open
0.0,-1.0,0.0,0.00234466588511,-1.0,2568.0,1.31428571429,0.0819672131148,83.0,712.0,3.0,9466.0,open
-1.0,-1.0,0.0,0.00117233294256,-0.918918918919,2568.0,0.958333333333,0.75,83.0,3432.0,3.0,1544.0,open
-1.0,-1.0,0.04,0.010550996483,-0.808,1542.0,0.0375,0.241441441441,41.0,2264.0,3.0,1552.0,open
-1.0,-1.0,0.0,0.0,-0.666666666667,1542.0,0.0375,0.284684684685,41.0,2264.0,2.0,1272.0,open
-1.0,-1.0,0.0,0.0,-0.666666666667,1542.0,0.0375,0.851351351351,41.0,2264.0,2.0,1272.0,open
-1.0,-1.0,0.5,0.0,0.0,1542.0,0.0375,0.555855855856,41.0,2264.0,2.0,872.0,open
0.0,-1.0,0.347826086957,0.0,-0.217391304348,1542.0,0.0375,0.772072072072,41.0,2264.0,3.0,1552.0,open
-1.0,-1.0,0.25,0.010550996483,-0.5,1542.0,0.198529411765,0.853535353535,41.0,2140.0,3.0,216.0,open
-1.0,-1.0,0.0921052631579,0.010550996483,-0.513157894737,1542.0,0.367346938776,0.7375,41.0,1851.0,3.0,874.0,open
-1.0,-1.0,0.0921052631579,0.010550996483,-0.513157894737,1542.0,0.367346938776,0.8125,41.0,1851.0,3.0,874.0,open
-1.0,-1.0,0.0921052631579,0.010550996483,-0.513157894737,1542.0,0.367346938776,0.9625,41.0,1851.0,3.0,874.0,open
-1.0,-1.0,0.0921052631579,0.010550996483,-0.513157894737,1542.0,0.367346938776,0.8875,41.0,1851.0,3.0,874.0,open
0.0,-1.0,0.0,0.00234466588511,-1.0,1542.0,0.594059405941,0.361111111111,41.0,2264.0,2.0,352.0,open
-1.0,-1.0,0.0921052631579,0.010550996483,-0.513157894737,158.0,0.333333333333,0.75,4.0,1114.0,3.0,402.0,open
-1.0,-1.0,0.0921052631579,0.010550996483,-0.513157894737,158.0,0.333333333333,0.638888888889,4.0,1114.0,3.0,402.0,open
-1.0,-1.0,0.0921052631579,0.010550996483,-0.513157894737,158.0,0.333333333333,0.787037037037,4.0,1114.0,3.0,402.0,open
-1.0,-1.0,0.0,0.00234466588511,-1.0,934.0,0.0859872611465,0.331182795699,25.0,1168.0,2.0,953.0,open
-1.0,-1.0,0.0,0.010550996483,-1.0,934.0,0.0859872611465,0.941935483871,25.0,1168.0,2.0,953.0,open
1.0,1.0,0.04,0.010550996483,-0.808,934.0,0.176470588235,0.604895104895,25.0,2410.0,3.0,1698.0,open
0.0,1.0,0.347826086957,0.0,-0.217391304348,934.0,0.176470588235,0.513986013986,25.0,2410.0,3.0,1698.0,open
0.0,1.0,0.347826086957,0.0,-0.217391304348,934.0,0.176470588235,0.559440559441,25.0,2410.0,3.0,1698.0,open
0.0,1.0,0.347826086957,0.0,-0.217391304348,934.0,0.176470588235,0.660839160839,25.0,2410.0,3.0,1698.0,open
-1.0,-1.0,0.0,0.0,-1.0,934.0,0.0492610837438,0.612,25.0,2410.0,3.0,374.0,open
-1.0,-1.0,0.0,0.00234466588511,-1.0,934.0,0.0606060606061,0.936633663366,25.0,1168.0,3.0,973.0,open
0.0,-1.0,0.0,0.0,-1.0,934.0,0.0606060606061,0.881188118812,25.0,1168.0,2.0,953.0,open
0.0,-1.0,0.0,0.0,-1.0,934.0,0.0606060606061,0.885148514851,25.0,1168.0,2.0,953.0,open
0.0,-1.0,0.0,0.010550996483,-1.0,934.0,0.0606060606061,0.883168316832,25.0,1168.0,2.0,953.0,open
-1.0,-1.0,0.0,0.0,-1.0,129.0,0.25,0.442748091603,5.0,2579.0,2.0,1739.0,open
-1.0,-1.0,0.194444444444,0.00234466588511,-0.555555555556,129.0,0.298701298701,0.504347826087,5.0,2579.0,2.0,1867.0,open
-1.0,-1.0,0.0405405405405,0.010550996483,-0.912162162162,5349.0,0.20820668693,0.219001218027,3.0,712.0,3.0,9466.0,open
-1.0,-1.0,0.0405405405405,0.010550996483,-0.912162162162,5349.0,0.20820668693,0.233373934227,3.0,712.0,3.0,9466.0,open
-1.0,-1.0,0.0405405405405,0.010550996483,-0.912162162162,5349.0,0.20820668693,0.244823386114,3.0,712.0,3.0,9466.0,open
-1.0,-1.0,0.0405405405405,0.010550996483,-0.912162162162,5349.0,0.20820668693,0.258221680877,3.0,712.0,3.0,9466.0,open
-1.0,-1.0,0.0405405405405,0.010550996483,-0.912162162162,5349.0,0.20820668693,0.269671132765,3.0,712.0,3.0,9466.0,open
-1.0,-1.0,0.0405405405405,0.010550996483,-0.912162162162,5349.0,0.20820668693,0.307429963459,3.0,712.0,3.0,9466.0,deleted
-1.0,-1.0,0.0405405405405,0.010550996483,-0.912162162162,5349.0,0.20820668693,0.336419001218,3.0,712.0,3.0,9466.0,deleted
-1.0,-1.0,0.0405405405405,0.010550996483,-0.912162162162,5349.0,0.20820668693,0.351766138855,3.0,712.0,3.0,9466.0,open
-1.0,-1.0,0.0405405405405,0.010550996483,-0.912162162162,5349.0,0.20820668693,0.363215590743,3.0,712.0,3.0,9466.0,open
-1.0,-1.0,0.0405405405405,0.010550996483,-0.912162162162,5349.0,0.20820668693,0.384652862363,3.0,712.0,3.0,9466.0,open
-1.0,-1.0,0.0405405405405,0.010550996483,-0.912162162162,5349.0,0.20820668693,0.405846528624,3.0,712.0,3.0,9466.0,open
-1.0,-1.0,0.0405405405405,0.010550996483,-0.912162162162,5349.0,0.20820668693,0.419244823386,3.0,712.0,3.0,9466.0,open
-1.0,-1.0,0.0405405405405,0.010550996483,-0.912162162162,5349.0,0.20820668693,0.43556638246,3.0,712.0,3.0,9466.0,open
-1.0,-1.0,0.0405405405405,0.010550996483,-0.912162162162,5349.0,0.20820668693,0.457978075518,3.0,712.0,3.0,9466.0,open
-1.0,-1.0,0.0405405405405,0.010550996483,-0.912162162162,5349.0,0.20820668693,0.473325213155,3.0,712.0,3.0,9466.0,open
-1.0,-1.0,0.0405405405405,0.010550996483,-0.912162162162,5349.0,0.20820668693,0.484774665043,3.0,712.0,3.0,9466.0,open
-1.0,-1.0,0.0405405405405,0.010550996483,-0.912162162162,5349.0,0.20820668693,0.497198538368,3.0,712.0,3.0,9466.0,open
-1.0,-1.0,0.0405405405405,0.010550996483,-0.912162162162,5349.0,0.20820668693,0.515468940317,3.0,712.0,3.0,9466.0,open
-1.0,-1.0,0.0405405405405,0.010550996483,-0.912162162162,5349.0,0.20820668693,0.526918392205,3.0,712.0,3.0,9466.0,close
-1.0,-1.0,0.0405405405405,0.010550996483,-0.912162162162,5349.0,0.20820668693,0.540316686967,3.0,712.0,3.0,9466.0,close
-1.0,-1.0,0.0405405405405,0.010550996483,-0.912162162162,5349.0,0.20820668693,0.558587088916,3.0,712.0,3.0,9466.0,close
-1.0,-1.0,0.0405405405405,0.010550996483,-0.912162162162,5349.0,0.20820668693,0.625822168088,3.0,712.0,3.0,9466.0,close
-1.0,-1.0,0.0405405405405,0.010550996483,-0.912162162162,5349.0,0.20820668693,0.65700365408,3.0,712.0,3.0,9466.0,open
-1.0,-1.0,0.0405405405405,0.010550996483,-0.912162162162,5349.0,0.20820668693,0.674543239951,3.0,712.0,3.0,9466.0,open
-1.0,-1.0,0.0405405405405,0.010550996483,-0.912162162162,5349.0,0.20820668693,0.685992691839,3.0,712.0,3.0,9466.0,open
-1.0,-1.0,0.0405405405405,0.010550996483,-0.912162162162,5349.0,0.20820668693,0.699390986602,3.0,712.0,3.0,9466.0,open
-1.0,-1.0,0.0405405405405,0.010550996483,-0.912162162162,5349.0,0.20820668693,0.716686967113,3.0,712.0,3.0,9466.0,open
-1.0,-1.0,0.0405405405405,0.010550996483,-0.912162162162,5349.0,0.20820668693,0.740803897686,3.0,712.0,3.0,9466.0,open
-1.0,-1.0,0.0405405405405,0.010550996483,-0.912162162162,5349.0,0.20820668693,0.755176613886,3.0,712.0,3.0,9466.0,open
-1.0,-1.0,0.0405405405405,0.010550996483,-0.912162162162,5349.0,0.20820668693,0.768574908648,3.0,712.0,3.0,9466.0,open
-1.0,-1.0,0.0405405405405,0.010550996483,-0.912162162162,5349.0,0.20820668693,0.78587088916,3.0,712.0,3.0,9466.0,open
-1.0,-1.0,0.0405405405405,0.010550996483,-0.912162162162,5349.0,0.20820668693,0.799269183922,3.0,712.0,3.0,9466.0,open
-1.0,-1.0,0.0405405405405,0.010550996483,-0.912162162162,5349.0,0.20820668693,0.809744214373,3.0,712.0,3.0,9466.0,open
-1.0,-1.0,0.0405405405405,0.010550996483,-0.912162162162,5349.0,0.20820668693,0.843848964677,3.0,712.0,3.0,9466.0,open
-1.0,-1.0,0.0405405405405,0.010550996483,-0.912162162162,5349.0,0.20820668693,0.85724725944,3.0,712.0,3.0,9466.0,open
-1.0,-1.0,0.0405405405405,0.010550996483,-0.912162162162,5349.0,0.20820668693,0.875517661389,3.0,712.0,3.0,9466.0,open
-1.0,-1.0,0.0405405405405,0.010550996483,-0.912162162162,5349.0,0.20820668693,0.891839220463,3.0,712.0,3.0,9466.0,open
-1.0,-1.0,0.0405405405405,0.010550996483,-0.912162162162,5349.0,0.20820668693,0.9071863581,3.0,712.0,3.0,9466.0,open
-1.0,-1.0,0.0405405405405,0.010550996483,-0.912162162162,5349.0,0.20820668693,0.922533495737,3.0,712.0,3.0,9466.0,open
-1.0,-1.0,0.0405405405405,0.010550996483,-0.912162162162,5349.0,0.20820668693,0.935931790499,3.0,712.0,3.0,9466.0,open
-1.0,-1.0,0.0405405405405,0.010550996483,-0.912162162162,5349.0,0.20820668693,0.948355663825,3.0,712.0,3.0,9466.0,open
-1.0,-1.0,0.0405405405405,0.010550996483,-0.912162162162,5349.0,0.20820668693,0.968574908648,3.0,712.0,3.0,9466.0,open
-1.0,-1.0,0.0405405405405,0.010550996483,-0.912162162162,5349.0,0.20820668693,0.98197320341,3.0,712.0,3.0,9466.0,open
-1.0,-1.0,0.0526315789474,0.0,-0.894736842105,5349.0,0.20820668693,0.0991473812424,3.0,712.0,1.0,9466.0,open
-1.0,-1.0,0.0526315789474,0.0,-0.894736842105,5349.0,0.20820668693,0.106455542022,3.0,712.0,1.0,9466.0,open
-1.0,-1.0,0.0,0.0,-1.0,5349.0,0.20820668693,0.046772228989,3.0,712.0,2.0,9466.0,open
-1.0,-1.0,0.0,0.0,-1.0,5349.0,0.20820668693,0.068209500609,3.0,712.0,2.0,9466.0,open
-1.0,-1.0,0.0,0.0,-1.0,5349.0,0.20820668693,0.0565164433618,3.0,712.0,3.0,9466.0,open
-1.0,-1.0,0.0,0.0,-1.0,5349.0,0.20820668693,0.063580998782,3.0,712.0,3.0,9466.0,open
-1.0,-1.0,0.0,0.0,-1.0,5349.0,0.20820668693,0.083556638246,3.0,712.0,3.0,9466.0,open
-1.0,-1.0,0.0,0.0,-1.0,5349.0,0.20820668693,0.0908647990256,3.0,712.0,3.0,9466.0,open
-1.0,-1.0,0.0,0.0,-1.0,5349.0,0.20820668693,0.0981729598051,3.0,712.0,3.0,9466.0,open
-1.0,-1.0,0.0,0.0,-1.0,5349.0,0.20820668693,0.105481120585,3.0,712.0,3.0,9466.0,open
-1.0,-1.0,0.0,0.0,-1.0,5349.0,0.20820668693,0.112789281364,3.0,712.0,3.0,9466.0,open
-1.0,-1.0,0.0,0.0,-1.0,5349.0,0.20820668693,0.118392204629,3.0,712.0,3.0,9466.0,open
-1.0,-1.0,0.0,0.0,-1.0,5349.0,0.20820668693,0.350548112058,3.0,712.0,3.0,9466.0,open
-1.0,-1.0,0.0,0.0,-1.0,5349.0,0.20820668693,0.495980511571,3.0,712.0,3.0,9466.0,open
-1.0,-1.0,0.0,0.0,-1.0,5349.0,0.20820668693,0.624604141291,3.0,712.0,3.0,9466.0,open
-1.0,-1.0,0.0,0.0,-1.0,5349.0,0.20820668693,0.698172959805,3.0,712.0,3.0,9466.0,open
-1.0,-1.0,0.0,0.0,-1.0,5349.0,0.20820668693,0.739585870889,3.0,712.0,3.0,9466.0,open
-1.0,-1.0,0.0,0.0,-1.0,5349.0,0.20820668693,0.753958587089,3.0,712.0,3.0,9466.0,open
-1.0,-1.0,0.0,0.0,-1.0,5349.0,0.20820668693,0.92131546894,3.0,712.0,3.0,9466.0,open
-1.0,-1.0,0.0405405405405,0.010550996483,-0.912162162162,5349.0,0.18791064389,0.189113597246,3.0,712.0,3.0,9466.0,open
-1.0,-1.0,0.0405405405405,0.010550996483,-0.912162162162,5349.0,0.18791064389,0.203528399312,3.0,712.0,3.0,9466.0,open
-1.0,-1.0,0.0405405405405,0.010550996483,-0.912162162162,5349.0,0.18791064389,0.215361445783,3.0,712.0,3.0,9466.0,open
-1.0,-1.0,0.0405405405405,0.010550996483,-0.912162162162,5349.0,0.18791064389,0.229776247849,3.0,712.0,3.0,9466.0,open
-1.0,-1.0,0.0405405405405,0.010550996483,-0.912162162162,5349.0,0.18791064389,0.24160929432,3.0,712.0,3.0,9466.0,open
-1.0,-1.0,0.0405405405405,0.010550996483,-0.912162162162,5349.0,0.18791064389,0.280335628227,3.0,712.0,3.0,9466.0,open
-1.0,-1.0,0.0405405405405,0.010550996483,-0.912162162162,5349.0,0.18791064389,0.309165232358,3.0,712.0,3.0,9466.0,open
-1.0,-1.0,0.0405405405405,0.010550996483,-0.912162162162,5349.0,0.18791064389,0.324440619621,3.0,712.0,3.0,9466.0,open
-1.0,-1.0,0.0405405405405,0.010550996483,-0.912162162162,5349.0,0.18791064389,0.336273666093,3.0,712.0,3.0,9466.0,open
-1.0,-1.0,0.0405405405405,0.010550996483,-0.912162162162,5349.0,0.18791064389,0.360800344234,3.0,712.0,3.0,9466.0,open
-1.0,-1.0,0.0405405405405,0.010550996483,-0.912162162162,5349.0,0.18791064389,0.383820998279,3.0,712.0,3.0,9466.0,open
-1.0,-1.0,0.0405405405405,0.010550996483,-0.912162162162,5349.0,0.18791064389,0.396514629948,3.0,712.0,3.0,9466.0,open
-1.0,-1.0,0.0405405405405,0.010550996483,-0.912162162162,5349.0,0.18791064389,0.413941480207,3.0,712.0,3.0,9466.0,open
-1.0,-1.0,0.0405405405405,0.010550996483,-0.912162162162,5349.0,0.18791064389,0.439759036145,3.0,712.0,3.0,9466.0,open
-1.0,-1.0,0.0405405405405,0.010550996483,-0.912162162162,5349.0,0.18791064389,0.455034423408,3.0,712.0,3.0,9466.0,open
-1.0,-1.0,0.0405405405405,0.010550996483,-0.912162162162,5349.0,0.18791064389,0.46686746988,3.0,712.0,3.0,9466.0,open
-1.0,-1.0,0.0405405405405,0.010550996483,-0.912162162162,5349.0,0.18791064389,0.479991394148,3.0,712.0,3.0,9466.0,open
-1.0,-1.0,0.0405405405405,0.010550996483,-0.912162162162,5349.0,0.18791064389,0.499569707401,3.0,712.0,3.0,9466.0,open
-1.0,-1.0,0.0405405405405,0.010550996483,-0.912162162162,5349.0,0.18791064389,0.511402753873,3.0,712.0,3.0,9466.0,open
-1.0,-1.0,0.0405405405405,0.010550996483,-0.912162162162,5349.0,0.18791064389,0.525817555938,3.0,712.0,3.0,9466.0,open
-1.0,-1.0,0.0405405405405,0.010550996483,-0.912162162162,5349.0,0.18791064389,0.54604130809,3.0,712.0,3.0,9466.0,open
-1.0,-1.0,0.0405405405405,0.010550996483,-0.912162162162,5349.0,0.18791064389,0.612736660929,3.0,712.0,3.0,9466.0,open
-1.0,-1.0,0.0405405405405,0.010550996483,-0.912162162162,5349.0,0.18791064389,0.643717728055,3.0,712.0,3.0,9466.0,open
-1.0,-1.0,0.0405405405405,0.010550996483,-0.912162162162,5349.0,0.18791064389,0.663726333907,3.0,712.0,3.0,9466.0,open
-1.0,-1.0,0.0405405405405,0.010550996483,-0.912162162162,5349.0,0.18791064389,0.675559380379,3.0,712.0,3.0,9466.0,open
-1.0,-1.0,0.0405405405405,0.010550996483,-0.912162162162,5349.0,0.18791064389,0.689974182444,3.0,712.0,3.0,9466.0,open
-1.0,-1.0,0.0405405405405,0.010550996483,-0.912162162162,5349.0,0.18791064389,0.7082616179,3.0,712.0,3.0,9466.0,open
-1.0,-1.0,0.0405405405405,0.010550996483,-0.912162162162,5349.0,0.18791064389,0.73343373494,3.0,712.0,3.0,9466.0,open
-1.0,-1.0,0.0405405405405,0.010550996483,-0.912162162162,5349.0,0.18791064389,0.746987951807,3.0,712.0,3.0,9466.0,open
-1.0,-1.0,0.0405405405405,0.010550996483,-0.912162162162,5349.0,0.18791064389,0.759681583477,3.0,712.0,3.0,9466.0,open
-1.0,-1.0,0.0405405405405,0.010550996483,-0.912162162162,5349.0,0.18791064389,0.778614457831,3.0,712.0,3.0,9466.0,open
-1.0,-1.0,0.0405405405405,0.010550996483,-0.912162162162,5349.0,0.18791064389,0.791308089501,3.0,712.0,3.0,9466.0,open
-1.0,-1.0,0.0405405405405,0.010550996483,-0.912162162162,5349.0,0.18791064389,0.801850258176,3.0,712.0,3.0,9466.0,open
-1.0,-1.0,0.0405405405405,0.010550996483,-0.912162162162,5349.0,0.18791064389,0.835843373494,3.0,712.0,3.0,9466.0,open
-1.0,-1.0,0.0405405405405,0.010550996483,-0.912162162162,5349.0,0.18791064389,0.850258175559,3.0,712.0,3.0,9466.0,open
-1.0,-1.0,0.0405405405405,0.010550996483,-0.912162162162,5349.0,0.18791064389,0.869406196213,3.0,712.0,3.0,9466.0,open
-1.0,-1.0,0.0405405405405,0.010550996483,-0.912162162162,5349.0,0.18791064389,0.887048192771,3.0,712.0,3.0,9466.0,open
-1.0,-1.0,0.0405405405405,0.010550996483,-0.912162162162,5349.0,0.18791064389,0.902323580034,3.0,712.0,3.0,9466.0,open
-1.0,-1.0,0.0405405405405,0.010550996483,-0.912162162162,5349.0,0.18791064389,0.918459552496,3.0,712.0,3.0,9466.0,open
-1.0,-1.0,0.0405405405405,0.010550996483,-0.912162162162,5349.0,0.18791064389,0.932874354561,3.0,712.0,3.0,9466.0,open
-1.0,-1.0,0.0405405405405,0.010550996483,-0.912162162162,5349.0,0.18791064389,0.94599827883,3.0,712.0,3.0,9466.0,open
-1.0,-1.0,0.0405405405405,0.010550996483,-0.912162162162,5349.0,0.18791064389,0.968158347676,3.0,712.0,3.0,9466.0,open
-1.0,-1.0,0.0405405405405,0.010550996483,-0.912162162162,5349.0,0.18791064389,0.982573149742,3.0,712.0,3.0,9466.0,open
-1.0,-1.0,0.0526315789474,0.0,-0.894736842105,5349.0,0.18791064389,0.0879948364888,3.0,712.0,1.0,9466.0,open
-1.0,-1.0,0.0526315789474,0.0,-0.894736842105,5349.0,0.18791064389,0.0944492254733,3.0,712.0,1.0,9466.0,open
-1.0,-1.0,0.0,0.0,-1.0,5349.0,0.18791064389,0.0417383820998,3.0,712.0,2.0,9466.0,open
-1.0,-1.0,0.0,0.0,-1.0,5349.0,0.18791064389,0.0606712564544,3.0,712.0,2.0,9466.0,open
-1.0,-1.0,0.0,0.0,-1.0,5349.0,0.18791064389,0.0503442340792,3.0,712.0,3.0,9466.0,open
-1.0,-1.0,0.0,0.0,-1.0,5349.0,0.18791064389,0.0565834767642,3.0,712.0,3.0,9466.0,open
-1.0,-1.0,0.0,0.0,-1.0,5349.0,0.18791064389,0.0742254733219,3.0,712.0,3.0,9466.0,open
-1.0,-1.0,0.0,0.0,-1.0,5349.0,0.18791064389,0.0806798623064,3.0,712.0,3.0,9466.0,open
-1.0,-1.0,0.0,0.0,-1.0,5349.0,0.18791064389,0.0871342512909,3.0,712.0,3.0,9466.0,open
-1.0,-1.0,0.0,0.0,-1.0,5349.0,0.18791064389,0.0935886402754,3.0,712.0,3.0,9466.0,open
-1.0,-1.0,0.0,0.0,-1.0,5349.0,0.18791064389,0.10004302926,3.0,712.0,3.0,9466.0,open
-1.0,-1.0,0.0,0.0,-1.0,5349.0,0.18791064389,0.104991394148,3.0,712.0,3.0,9466.0,open
-1.0,-1.0,0.0,0.0,-1.0,5349.0,0.18791064389,0.322719449225,3.0,712.0,3.0,9466.0,open
-1.0,-1.0,0.0,0.0,-1.0,5349.0,0.18791064389,0.478270223752,3.0,712.0,3.0,9466.0,open
-1.0,-1.0,0.0,0.0,-1.0,5349.0,0.18791064389,0.611015490534,3.0,712.0,3.0,9466.0,open
-1.0,-1.0,0.0,0.0,-1.0,5349.0,0.18791064389,0.688253012048,3.0,712.0,3.0,9466.0,open
-1.0,-1.0,0.0,0.0,-1.0,5349.0,0.18791064389,0.731712564544,3.0,712.0,3.0,9466.0,open
-1.0,-1.0,0.0,0.0,-1.0,5349.0,0.18791064389,0.745266781411,3.0,712.0,3.0,9466.0,open
-1.0,-1.0,0.0,0.0,-1.0,5349.0,0.18791064389,0.9167383821,3.0,712.0,3.0,9466.0,open
-1.0,-1.0,0.04,0.010550996483,-0.808,5349.0,0.239517153748,0.134164588529,3.0,712.0,3.0,9466.0,open
-1.0,-1.0,0.04,0.010550996483,-0.808,5349.0,0.239517153748,0.155112219451,3.0,712.0,3.0,9466.0,open
-1.0,-1.0,0.04,0.010550996483,-0.808,5349.0,0.239517153748,0.14114713217,3.0,712.0,3.0,9466.0,open
-1.0,-1.0,0.04,0.010550996483,-0.808,5349.0,0.239517153748,0.146134663342,3.0,712.0,3.0,9466.0,open
-1.0,-1.0,0.04,0.010550996483,-0.808,5349.0,0.239517153748,0.162094763092,3.0,712.0,3.0,9466.0,open
-1.0,-1.0,0.04,0.010550996483,-0.808,5349.0,0.239517153748,0.190523690773,3.0,712.0,3.0,9466.0,open
-1.0,-1.0,0.04,0.010550996483,-0.808,5349.0,0.239517153748,0.176558603491,3.0,712.0,3.0,9466.0,open
-1.0,-1.0,0.04,0.010550996483,-0.808,5349.0,0.239517153748,0.181546134663,3.0,712.0,3.0,9466.0,open
-1.0,-1.0,0.04,0.010550996483,-0.808,5349.0,0.239517153748,0.197506234414,3.0,712.0,3.0,9466.0,open
-1.0,-1.0,0.04,0.010550996483,-0.808,5349.0,0.239517153748,0.213965087282,3.0,712.0,3.0,9466.0,open
-1.0,-1.0,0.04,0.010550996483,-0.808,5349.0,0.239517153748,0.254862842893,3.0,712.0,3.0,9466.0,open
-1.0,-1.0,0.04,0.010550996483,-0.808,5349.0,0.239517153748,0.247880299252,3.0,712.0,3.0,9466.0,open
-1.0,-1.0,0.04,0.010550996483,-0.808,5349.0,0.239517153748,0.281795511222,3.0,712.0,3.0,9466.0,open
-1.0,-1.0,0.04,0.010550996483,-0.808,5349.0,0.239517153748,0.296259351621,3.0,712.0,3.0,9466.0,open
-1.0,-1.0,0.04,0.010550996483,-0.808,5349.0,0.239517153748,0.349127182045,3.0,712.0,3.0,9466.0,open
-1.0,-1.0,0.04,0.010550996483,-0.808,5349.0,0.239517153748,0.342144638404,3.0,712.0,3.0,9466.0,open
-1.0,-1.0,0.04,0.010550996483,-0.808,5349.0,0.239517153748,0.413466334165,3.0,712.0,3.0,9466.0,open
-1.0,-1.0,0.04,0.010550996483,-0.808,5349.0,0.239517153748,0.408478802993,3.0,712.0,3.0,9466.0,open
-1.0,-1.0,0.04,0.010550996483,-0.808,5349.0,0.239517153748,0.462842892768,3.0,712.0,3.0,9466.0,open
-1.0,-1.0,0.04,0.010550996483,-0.808,5349.0,0.239517153748,0.508728179551,3.0,712.0,3.0,9466.0,open
-1.0,-1.0,0.04,0.010550996483,-0.808,5349.0,0.239517153748,0.503740648379,3.0,712.0,3.0,9466.0,open
-1.0,-1.0,0.04,0.010550996483,-0.808,5349.0,0.239517153748,0.498753117207,3.0,712.0,3.0,9466.0,open
-1.0,-1.0,0.04,0.010550996483,-0.808,5349.0,0.239517153748,0.513715710723,3.0,712.0,3.0,9466.0,open
-1.0,-1.0,0.04,0.010550996483,-0.808,5349.0,0.239517153748,0.562094763092,3.0,712.0,3.0,9466.0,open
-1.0,-1.0,0.04,0.010550996483,-0.808,5349.0,0.239517153748,0.54114713217,3.0,712.0,3.0,9466.0,open
-1.0,-1.0,0.04,0.010550996483,-0.808,5349.0,0.239517153748,0.520698254364,3.0,712.0,3.0,9466.0,open
-1.0,-1.0,0.04,0.010550996483,-0.808,5349.0,0.239517153748,0.551122194514,3.0,712.0,3.0,9466.0,open
-1.0,-1.0,0.04,0.010550996483,-0.808,5349.0,0.239517153748,0.533665835411,3.0,712.0,3.0,9466.0,open
-1.0,-1.0,0.04,0.010550996483,-0.808,5349.0,0.239517153748,0.546134663342,3.0,712.0,3.0,9466.0,open
-1.0,-1.0,0.04,0.010550996483,-0.808,5349.0,0.239517153748,0.589027431421,3.0,712.0,3.0,9466.0,open
-1.0,-1.0,0.04,0.010550996483,-0.808,5349.0,0.239517153748,0.574563591022,3.0,712.0,3.0,9466.0,open
-1.0,-1.0,0.04,0.010550996483,-0.808,5349.0,0.239517153748,0.599002493766,3.0,712.0,3.0,9466.0,open
-1.0,-1.0,0.04,0.010550996483,-0.808,5349.0,0.239517153748,0.581546134663,3.0,712.0,3.0,9466.0,open
-1.0,-1.0,0.04,0.010550996483,-0.808,5349.0,0.239517153748,0.594014962594,3.0,712.0,3.0,9466.0,open
-1.0,-1.0,0.04,0.010550996483,-0.808,5349.0,0.239517153748,0.627431421446,3.0,712.0,3.0,9466.0,open
-1.0,-1.0,0.04,0.010550996483,-0.808,5349.0,0.239517153748,0.672319201995,3.0,712.0,3.0,9466.0,open
-1.0,-1.0,0.04,0.010550996483,-0.808,5349.0,0.239517153748,0.667331670823,3.0,712.0,3.0,9466.0,open
-1.0,-1.0,0.04,0.010550996483,-0.808,5349.0,0.239517153748,0.697755610973,3.0,712.0,3.0,9466.0,open
-1.0,-1.0,0.04,0.010550996483,-0.808,5349.0,0.239517153748,0.6927680798,3.0,712.0,3.0,9466.0,open
-1.0,-1.0,0.04,0.010550996483,-0.808,5349.0,0.239517153748,0.718204488778,3.0,712.0,3.0,9466.0,open
-1.0,-1.0,0.04,0.010550996483,-0.808,5349.0,0.239517153748,0.730673316708,3.0,712.0,3.0,9466.0,open
-1.0,-1.0,0.04,0.010550996483,-0.808,5349.0,0.239517153748,0.747132169576,3.0,712.0,3.0,9466.0,open
-1.0,-1.0,0.04,0.010550996483,-0.808,5349.0,0.239517153748,0.763591022444,3.0,712.0,3.0,9466.0,open
-1.0,-1.0,0.04,0.010550996483,-0.808,5349.0,0.239517153748,0.805985037406,3.0,712.0,3.0,9466.0,open
-1.0,-1.0,0.04,0.010550996483,-0.808,5349.0,0.239517153748,0.791521197007,3.0,712.0,3.0,9466.0,open
-1.0,-1.0,0.04,0.010550996483,-0.808,5349.0,0.239517153748,0.815960099751,3.0,712.0,3.0,9466.0,open
-1.0,-1.0,0.04,0.010550996483,-0.808,5349.0,0.239517153748,0.798503740648,3.0,712.0,3.0,9466.0,open
-1.0,-1.0,0.04,0.010550996483,-0.808,5349.0,0.239517153748,0.810972568579,3.0,712.0,3.0,9466.0,open
-1.0,-1.0,0.04,0.010550996483,-0.808,5349.0,0.239517153748,0.853865336658,3.0,712.0,3.0,9466.0,open
-1.0,-1.0,0.04,0.010550996483,-0.808,5349.0,0.239517153748,0.872319201995,3.0,712.0,3.0,9466.0,open
-1.0,-1.0,0.04,0.010550996483,-0.808,5349.0,0.239517153748,0.8927680798,3.0,712.0,3.0,9466.0,open
-1.0,-1.0,0.04,0.010550996483,-0.808,5349.0,0.239517153748,0.964588528678,3.0,712.0,3.0,9466.0,open
-1.0,-1.0,0.04,0.010550996483,-0.808,5349.0,0.239517153748,0.959600997506,3.0,712.0,3.0,9466.0,open
-1.0,-1.0,0.0,0.0,-1.0,5349.0,0.239517153748,0.225935162095,3.0,712.0,3.0,9466.0,open
-1.0,-1.0,0.0,0.0,-1.0,5349.0,0.239517153748,0.405985037406,3.0,712.0,3.0,9466.0,open
-1.0,-1.0,0.0,0.0,-1.0,5349.0,0.239517153748,0.574064837905,3.0,712.0,3.0,9466.0,open
-1.0,-1.0,0.0,0.0,-1.0,5349.0,0.239517153748,0.666832917706,3.0,712.0,3.0,9466.0,open
-1.0,-1.0,0.0,0.0,-1.0,5349.0,0.239517153748,0.715710723192,3.0,712.0,3.0,9466.0,open
-1.0,-1.0,0.0,0.0,-1.0,5349.0,0.239517153748,0.730174563591,3.0,712.0,3.0,9466.0,open
-1.0,-1.0,0.0,0.0,-1.0,5349.0,0.239517153748,0.924189526185,3.0,712.0,3.0,9466.0,open
-1.0,-1.0,0.0921052631579,0.010550996483,-0.513157894737,150.0,0.428571428571,0.623529411765,9.0,1588.0,3.0,876.0,open
-1.0,-1.0,0.0921052631579,0.010550996483,-0.513157894737,457.0,0.46,0.934782608696,10.0,2409.0,3.0,1261.0,open
-1.0,-1.0,0.0921052631579,0.010550996483,-0.513157894737,457.0,0.28,0.907894736842,10.0,2409.0,3.0,1580.0,open
0.0,-1.0,0.347826086957,0.0,-0.217391304348,457.0,0.28,0.664473684211,10.0,2409.0,3.0,1697.0,open
-1.0,-1.0,0.0,0.0,-1.0,31.0,0.553191489362,0.843853820598,2.0,2293.0,2.0,1581.0,open
-1.0,-1.0,0.2,0.00234466588511,-0.6,31.0,0.553191489362,0.720930232558,2.0,2293.0,3.0,1581.0,open
-1.0,-1.0,0.0921052631579,0.010550996483,-0.513157894737,31.0,0.553191489362,0.860465116279,2.0,2293.0,3.0,1140.0,open
-1.0,0.0,0.0,0.0,-1.0,623.0,0.0508083140878,0.0746753246753,3.0,2264.0,2.0,1731.0,open
-1.0,0.0,0.2,0.00234466588511,-0.6,623.0,0.0508083140878,0.0730519480519,3.0,2264.0,3.0,1731.0,open
1.0,0.0,0.0921052631579,0.010550996483,-0.513157894737,623.0,0.0508083140878,0.112012987013,3.0,2264.0,3.0,1425.0,open
1.0,0.0,0.0921052631579,0.010550996483,-0.513157894737,623.0,0.0508083140878,0.131493506494,3.0,2264.0,3.0,1425.0,open
-1.0,-1.0,0.384615384615,0.0,-0.153846153846,1713.0,0.338842975207,0.734375,51.0,978.0,1.0,1171.0,open
-1.0,-1.0,0.384615384615,0.0,-0.153846153846,1713.0,0.338842975207,0.708333333333,51.0,978.0,1.0,1219.0,open
0.0,0.0,0.0,0.00234466588511,-0.666666666667,1713.0,0.263157894737,0.303797468354,51.0,2658.0,3.0,7487.0,open
0.0,-1.0,0.0,0.00234466588511,-0.666666666667,688.0,0.197080291971,0.12077294686,10.0,9782.0,3.0,9070.0,open
0.333333333333,0.5,0.8,0.010550996483,0.6,1713.0,0.217008797654,0.816810344828,51.0,1472.0,2.0,3430.0,open
0.333333333333,0.5,1.0,0.010550996483,1.0,1713.0,0.217008797654,0.816810344828,51.0,1472.0,3.0,3430.0,open
1.0,0.5,0.5,0.00117233294256,0.0,1713.0,0.217008797654,0.221982758621,51.0,1472.0,2.0,2103.0,open
1.0,0.0,0.0921052631579,0.010550996483,-0.513157894737,1713.0,0.0718954248366,0.930648769575,51.0,1168.0,3.0,1089.0,open
1.0,1.0,0.666666666667,0.00117233294256,0.666666666667,688.0,0.765217391304,0.784818941504,10.0,9782.0,2.0,7530.0,open
-1.0,-1.0,0.0921052631579,0.010550996483,-0.513157894737,688.0,0.197080291971,0.570048309179,10.0,9782.0,3.0,8011.0,open
0.0,0.0,0.333333333333,0.00234466588511,-0.333333333333,688.0,0.154340836013,0.612756264237,10.0,9782.0,2.0,7530.0,open
0.0,0.0,0.0,0.00234466588511,-1.0,688.0,0.154340836013,0.601366742597,10.0,9782.0,2.0,9070.0,open
-1.0,-1.0,0.2,0.00234466588511,-0.6,688.0,0.264367816092,0.338345864662,10.0,2042.0,3.0,1330.0,open
-1.0,-1.0,0.384615384615,0.0,-0.153846153846,783.0,0.0615114235501,0.668741355463,13.0,2055.0,1.0,1117.0,open
-1.0,-1.0,0.384615384615,0.0,-0.153846153846,783.0,0.0615114235501,0.661134163209,13.0,2055.0,1.0,1117.0,open
-1.0,-1.0,0.384615384615,0.0,-0.153846153846,783.0,0.0615114235501,0.861687413555,13.0,2055.0,1.0,1117.0,open
-1.0,-1.0,0.384615384615,0.0,-0.153846153846,783.0,0.0615114235501,0.854771784232,13.0,2055.0,1.0,1117.0,open
-1.0,-1.0,0.04,0.010550996483,-0.808,783.0,0.0615114235501,0.69571230982,13.0,2055.0,3.0,1343.0,open
-1.0,-1.0,0.444444444444,0.010550996483,0.0,783.0,0.103448275862,0.739463601533,13.0,1472.0,2.0,1336.0,deleted
0.0,-1.0,0.0,0.00234466588511,-1.0,83.0,1.225,0.153846153846,5.0,712.0,3.0,9466.0,deleted
0.0,-1.0,0.0,0.00234466588511,-1.0,83.0,1.35,0.165137614679,5.0,712.0,3.0,9466.0,deleted
0.0,-1.0,0.0,0.00234466588511,-1.0,83.0,1.225,0.153846153846,5.0,712.0,3.0,9466.0,open
0.0,-1.0,0.0,0.00234466588511,-1.0,83.0,1.26530612245,0.124031007752,5.0,712.0,3.0,9466.0,open
-1.0,-1.0,0.0405405405405,0.010550996483,-0.912162162162,571.0,0.383116883117,0.888988361683,2.0,712.0,1.0,9466.0,open
-1.0,-1.0,0.0405405405405,0.010550996483,-0.912162162162,571.0,0.383116883117,0.769919427037,2.0,712.0,3.0,9466.0,open
-1.0,-1.0,0.0405405405405,0.010550996483,-0.912162162162,571.0,0.383116883117,0.822739480752,2.0,712.0,3.0,9466.0,open
-1.0,-1.0,0.0405405405405,0.010550996483,-0.912162162162,571.0,0.383116883117,0.875559534467,2.0,712.0,3.0,9466.0,open
-1.0,-1.0,0.0405405405405,0.010550996483,-0.912162162162,571.0,0.383116883117,0.923008057296,2.0,712.0,3.0,9466.0,open
-1.0,-1.0,0.0526315789474,0.0,-0.894736842105,571.0,0.383116883117,0.32945389436,2.0,712.0,1.0,9466.0,open
-1.0,-1.0,0.0526315789474,0.0,-0.894736842105,571.0,0.383116883117,0.356311548791,2.0,712.0,1.0,9466.0,open
-1.0,-1.0,0.04,0.010550996483,-0.808,571.0,0.383116883117,0.894359892569,2.0,712.0,2.0,9466.0,close
-1.0,-1.0,0.0,0.0,-1.0,571.0,0.383116883117,0.136974037601,2.0,712.0,2.0,9466.0,close
-1.0,-1.0,0.0,0.0,-1.0,571.0,0.383116883117,0.2157564906,2.0,712.0,2.0,9466.0,open
-1.0,-1.0,0.0,0.0,-1.0,571.0,0.383116883117,0.172784243509,2.0,712.0,3.0,9466.0,open
-1.0,-1.0,0.0,0.0,-1.0,571.0,0.383116883117,0.198746642793,2.0,712.0,3.0,9466.0,open
-1.0,-1.0,0.0,0.0,-1.0,571.0,0.383116883117,0.272157564906,2.0,712.0,3.0,9466.0,deleted
-1.0,-1.0,0.0,0.0,-1.0,571.0,0.383116883117,0.299015219338,2.0,712.0,3.0,9466.0,deleted
-1.0,-1.0,0.0,0.0,-1.0,571.0,0.383116883117,0.325872873769,2.0,712.0,3.0,9466.0,deleted
-1.0,-1.0,0.0,0.0,-1.0,571.0,0.383116883117,0.352730528201,2.0,712.0,3.0,9466.0,open
-1.0,-1.0,0.0,0.0,-1.0,571.0,0.383116883117,0.379588182632,2.0,712.0,3.0,9466.0,close
-1.0,-1.0,0.0,0.0,-1.0,571.0,0.383116883117,0.40017905103,2.0,712.0,3.0,9466.0,deleted
-1.0,-1.0,0.04,0.010550996483,-0.808,571.0,0.528455284553,0.502463054187,2.0,712.0,3.0,9466.0,close
-1.0,-1.0,0.04,0.010550996483,-0.808,571.0,0.528455284553,0.645320197044,2.0,712.0,3.0,9466.0,close
-1.0,-1.0,0.04,0.010550996483,-0.808,571.0,0.528455284553,0.783251231527,2.0,712.0,3.0,9466.0,close
-1.0,-1.0,0.04,0.010550996483,-0.808,571.0,0.528455284553,0.916256157635,2.0,712.0,3.0,9466.0,deleted
-1.0,-1.0,0.0,0.0,-0.666666666667,97.0,0.514285714286,0.846153846154,5.0,2045.0,2.0,1127.0,close
-1.0,-1.0,0.04,0.010550996483,-0.808,152.0,0.118721461187,0.880952380952,2.0,1472.0,3.0,1333.0,open
-1.0,-1.0,0.0,0.0,-0.666666666667,132.0,0.268656716418,0.906542056075,6.0,8230.0,2.0,1127.0,close
0.0,-1.0,0.0,0.00234466588511,-1.0,426.0,1.89090909091,0.111111111111,15.0,712.0,3.0,9466.0,open
0.0,-1.0,0.0,0.00234466588511,-1.0,426.0,1.82142857143,0.252747252747,15.0,712.0,3.0,9466.0,open
0.0,-1.0,0.0,0.00234466588511,-1.0,426.0,1.60869565217,0.144927536232,15.0,712.0,3.0,9466.0,open
0.0,-1.0,0.0,0.00234466588511,-1.0,426.0,1.75,0.247191011236,15.0,712.0,3.0,9466.0,open
0.0,-1.0,0.347826086957,0.0,-0.217391304348,426.0,0.3,0.779116465863,15.0,2759.0,3.0,6893.0,open
0.0,-1.0,0.0,0.00234466588511,-1.0,426.0,1.36781609195,0.0851063829787,15.0,712.0,3.0,9466.0,open
-1.0,-1.0,0.04,0.010550996483,-0.808,426.0,0.178217821782,0.727272727273,15.0,8241.0,3.0,7529.0,open
-1.0,-1.0,0.04,0.010550996483,-0.808,426.0,0.178217821782,0.655844155844,15.0,8241.0,3.0,7529.0,deleted
0.0,-1.0,0.0,0.00234466588511,-1.0,426.0,1.22950819672,0.101910828025,15.0,712.0,3.0,9466.0,open
-1.0,-1.0,0.0,0.00234466588511,-1.0,426.0,1.39393939394,0.967741935484,15.0,712.0,1.0,9466.0,open
0.0,-1.0,0.0,0.010550996483,-1.0,426.0,1.39393939394,0.204301075269,15.0,712.0,3.0,9466.0,open
0.0,-1.0,0.0,0.00234466588511,-1.0,426.0,1.39393939394,0.204301075269,15.0,712.0,3.0,9466.0,open
-1.0,-1.0,0.333333333333,0.00234466588511,-0.333333333333,426.0,1.42857142857,0.924528301887,15.0,712.0,2.0,9466.0,open
-1.0,-1.0,0.0,0.00234466588511,-1.0,426.0,1.42857142857,0.924528301887,15.0,712.0,1.0,9466.0,open
0.0,-1.0,0.0,0.00234466588511,-1.0,426.0,1.42857142857,0.119496855346,15.0,712.0,3.0,9466.0,open
0.0,-1.0,0.0,0.00234466588511,-1.0,426.0,1.86486486486,0.132231404959,15.0,712.0,3.0,9466.0,open
-1.0,-1.0,0.0921052631579,0.010550996483,-0.513157894737,207.0,0.283783783784,0.816513761468,7.0,4142.0,3.0,3123.0,open
-1.0,-1.0,0.0921052631579,0.010550996483,-0.513157894737,207.0,0.24358974359,0.631578947368,7.0,8241.0,3.0,4833.0,open
-1.0,-1.0,0.0405405405405,0.010550996483,-0.912162162162,797.0,0.337904015671,0.605742296919,2.0,712.0,3.0,9466.0,open
-1.0,-1.0,0.0405405405405,0.010550996483,-0.912162162162,797.0,0.337904015671,0.647058823529,2.0,712.0,3.0,9466.0,open
-1.0,-1.0,0.0405405405405,0.010550996483,-0.912162162162,797.0,0.337904015671,0.679971988796,2.0,712.0,3.0,9466.0,open
-1.0,-1.0,0.0405405405405,0.010550996483,-0.912162162162,797.0,0.337904015671,0.718487394958,2.0,712.0,3.0,9466.0,open
-1.0,-1.0,0.0405405405405,0.010550996483,-0.912162162162,797.0,0.337904015671,0.751400560224,2.0,712.0,3.0,9466.0,open
-1.0,-1.0,0.0405405405405,0.010550996483,-0.912162162162,797.0,0.337904015671,0.813025210084,2.0,712.0,3.0,9466.0,open
-1.0,-1.0,0.0405405405405,0.010550996483,-0.912162162162,797.0,0.337904015671,0.865546218487,2.0,712.0,3.0,9466.0,open
-1.0,-1.0,0.0405405405405,0.010550996483,-0.912162162162,797.0,0.337904015671,0.909663865546,2.0,712.0,3.0,9466.0,open
-1.0,-1.0,0.0405405405405,0.010550996483,-0.912162162162,797.0,0.337904015671,0.948179271709,2.0,712.0,3.0,9466.0,open
-1.0,-1.0,0.0526315789474,0.0,-0.894736842105,797.0,0.337904015671,0.261204481793,2.0,712.0,1.0,9466.0,open
-1.0,-1.0,0.0526315789474,0.0,-0.894736842105,797.0,0.337904015671,0.282212885154,2.0,712.0,1.0,9466.0,open
-1.0,-1.0,0.0,0.0,-1.0,797.0,0.337904015671,0.110644257703,2.0,712.0,2.0,9466.0,open
-1.0,-1.0,0.0,0.0,-1.0,797.0,0.337904015671,0.172268907563,2.0,712.0,2.0,9466.0,open
-1.0,-1.0,0.0,0.0,-1.0,797.0,0.337904015671,0.138655462185,2.0,712.0,3.0,9466.0,open
-1.0,-1.0,0.0,0.0,-1.0,797.0,0.337904015671,0.158963585434,2.0,712.0,3.0,9466.0,open
-1.0,-1.0,0.0,0.0,-1.0,797.0,0.337904015671,0.216386554622,2.0,712.0,3.0,9466.0,open
-1.0,-1.0,0.0,0.0,-1.0,797.0,0.337904015671,0.237394957983,2.0,712.0,3.0,9466.0,open
-1.0,-1.0,0.0,0.0,-1.0,797.0,0.337904015671,0.258403361345,2.0,712.0,3.0,9466.0,open
-1.0,-1.0,0.0,0.0,-1.0,797.0,0.337904015671,0.279411764706,2.0,712.0,3.0,9466.0,open
-1.0,-1.0,0.0,0.0,-1.0,797.0,0.337904015671,0.300420168067,2.0,712.0,3.0,9466.0,open
-1.0,-1.0,0.0,0.0,-1.0,797.0,0.337904015671,0.316526610644,2.0,712.0,3.0,9466.0,open
-1.0,-1.0,0.0,0.0,-1.0,797.0,0.337904015671,0.906162464986,2.0,712.0,3.0,9466.0,open
-1.0,-1.0,0.04,0.010550996483,-0.808,797.0,0.394736842105,0.621483375959,2.0,712.0,3.0,9466.0,open
-1.0,-1.0,0.04,0.010550996483,-0.808,797.0,0.394736842105,0.567774936061,2.0,712.0,3.0,9466.0,open
-1.0,-1.0,0.04,0.010550996483,-0.808,797.0,0.394736842105,0.595907928389,2.0,712.0,3.0,9466.0,open
-1.0,-1.0,0.04,0.010550996483,-0.808,797.0,0.394736842105,0.718670076726,2.0,712.0,3.0,9466.0,open
-1.0,-1.0,0.04,0.010550996483,-0.808,797.0,0.394736842105,0.693094629156,2.0,712.0,3.0,9466.0,open
-1.0,-1.0,0.0,0.0,-1.0,797.0,0.394736842105,0.879795396419,2.0,712.0,3.0,9466.0,open
-1.0,-1.0,0.2,0.00234466588511,-0.6,5033.0,0.1625,0.83950617284,65.0,2658.0,3.0,1018.0,open
-1.0,-1.0,0.0,0.0,-0.833333333333,5033.0,0.268656716418,0.915887850467,65.0,2689.0,2.0,3140.0,open
-1.0,-1.0,0.0,0.0,-0.857142857143,5033.0,0.268656716418,0.96261682243,65.0,2689.0,2.0,3140.0,open
1.0,1.0,0.8,0.010550996483,0.6,5033.0,0.121107266436,0.615577889447,65.0,2245.0,2.0,1182.0,open
-1.0,-1.0,0.0,0.0,-0.833333333333,5033.0,0.0731707317073,0.894080996885,65.0,2430.0,2.0,1645.0,open
-1.0,-1.0,0.0,0.0,-0.857142857143,5033.0,0.0731707317073,0.909657320872,65.0,2430.0,2.0,1645.0,open
0.0,1.0,0.0,0.00234466588511,-0.666666666667,55.0,0.695652173913,0.351063829787,4.0,4603.0,3.0,9068.0,open
0.0,-0.714285714286,0.04,0.010550996483,-0.808,5033.0,0.145387904704,0.557340473003,65.0,2689.0,3.0,3058.0,open
1.0,-0.714285714286,0.04,0.010550996483,-0.808,5033.0,0.145387904704,0.744310575636,65.0,2689.0,3.0,3066.0,open
-1.0,-1.0,0.04,0.010550996483,-0.808,5033.0,0.19341563786,0.607629427793,65.0,3770.0,3.0,3418.0,open
-1.0,-1.0,0.04,0.010550996483,-0.808,5033.0,0.19341563786,0.782016348774,65.0,3770.0,3.0,3418.0,open
-1.0,-1.0,0.04,0.010550996483,-0.808,5033.0,0.19341563786,0.795640326975,65.0,3770.0,3.0,6833.0,open
-1.0,-1.0,0.04,0.010550996483,-0.808,5033.0,0.19341563786,0.174386920981,65.0,3770.0,3.0,3418.0,open
-1.0,-1.0,0.04,0.010550996483,-0.808,5033.0,0.233502538071,0.506944444444,65.0,1472.0,3.0,1110.0,open
-1.0,0.0,0.0,0.010550996483,-1.0,794.0,0.0650759219089,0.542713567839,12.0,9785.0,2.0,9073.0,open
-1.0,-1.0,0.25,0.010550996483,-0.5,908.0,0.0689655172414,0.921694480103,19.0,1472.0,3.0,947.0,open
0.0,-1.0,0.0,0.0,-1.0,908.0,0.231481481481,0.185792349727,19.0,7513.0,2.0,2279.0,open
-1.0,0.0,0.0,0.010550996483,-1.0,794.0,0.0650759219089,0.542713567839,12.0,9785.0,2.0,9073.0,open
-1.0,0.0,0.0,0.010550996483,-1.0,794.0,0.0650759219089,0.542713567839,12.0,9785.0,2.0,9073.0,open
-1.0,-1.0,0.0,0.010550996483,-1.0,908.0,0.353658536585,0.915384615385,19.0,2689.0,3.0,6692.0,open
-1.0,-1.0,0.04,0.010550996483,-0.808,333.0,0.105454545455,0.141732283465,3.0,9456.0,3.0,3416.0,open
-1.0,-1.0,0.04,0.010550996483,-0.808,333.0,0.105454545455,0.149606299213,3.0,9456.0,3.0,3416.0,open
-1.0,-1.0,0.04,0.010550996483,-0.808,333.0,0.105454545455,0.723097112861,3.0,9456.0,3.0,6833.0,open
-1.0,-1.0,0.04,0.010550996483,-0.808,333.0,0.105454545455,0.640419947507,3.0,9456.0,3.0,3058.0,open
-1.0,-1.0,0.04,0.010550996483,-0.808,333.0,0.105454545455,0.497375328084,3.0,9456.0,3.0,3058.0,open
-1.0,-1.0,0.04,0.010550996483,-0.808,333.0,0.105454545455,0.574803149606,3.0,9456.0,3.0,3058.0,open
-1.0,-1.0,0.04,0.010550996483,-0.808,333.0,0.105454545455,0.581364829396,3.0,9456.0,3.0,3058.0,open
-0.666666666667,-0.666666666667,0.0405405405405,0.010550996483,-0.912162162162,59.0,0.779220779221,0.461988304094,1.0,1801.0,2.0,4917.0,open
-0.666666666667,-0.666666666667,0.0405405405405,0.010550996483,-0.912162162162,59.0,0.779220779221,0.46783625731,1.0,1801.0,2.0,4917.0,open
-0.666666666667,-0.666666666667,0.0405405405405,0.010550996483,-0.912162162162,59.0,0.779220779221,0.473684210526,1.0,1801.0,2.0,4917.0,open
-0.666666666667,-0.666666666667,0.0405405405405,0.010550996483,-0.912162162162,59.0,0.779220779221,0.479532163743,1.0,1801.0,2.0,4917.0,open
-0.666666666667,-0.666666666667,0.0405405405405,0.010550996483,-0.912162162162,59.0,0.779220779221,0.491228070175,1.0,1801.0,2.0,4917.0,open
-0.666666666667,-0.666666666667,1.0,0.0,1.0,59.0,0.779220779221,0.790643274854,1.0,1801.0,2.0,4906.0,open
-1.0,-1.0,0.0405405405405,0.010550996483,-0.912162162162,13.0,2.10526315789,0.926470588235,1.0,1801.0,2.0,4917.0,open
-1.0,-1.0,0.0405405405405,0.010550996483,-0.912162162162,25.0,1.14285714286,0.761904761905,1.0,1801.0,2.0,3849.0,open
-1.0,-1.0,0.0405405405405,0.010550996483,-0.912162162162,24.0,1.0303030303,0.769230769231,1.0,1801.0,2.0,3849.0,open
-1.0,-1.0,0.0405405405405,0.010550996483,-0.912162162162,25.0,0.971428571429,0.75,1.0,1801.0,2.0,3849.0,open
-1.0,-1.0,0.0405405405405,0.010550996483,-0.912162162162,26.0,0.944444444444,0.740740740741,1.0,4561.0,2.0,3849.0,open
-1.0,-1.0,0.0405405405405,0.010550996483,-0.912162162162,38.0,1.23404255319,0.882352941176,1.0,4561.0,2.0,3849.0,deleted
-1.0,-1.0,0.0405405405405,0.010550996483,-0.912162162162,38.0,1.23404255319,0.579831932773,1.0,4561.0,2.0,3849.0,open
-1.0,-1.0,0.0405405405405,0.010550996483,-0.912162162162,30.0,1.22222222222,0.691489361702,1.0,4561.0,2.0,3849.0,deleted
-1.0,-1.0,0.0405405405405,0.010550996483,-0.912162162162,14.0,1.66666666667,0.890625,1.0,4414.0,2.0,3702.0,deleted
-1.0,0.5,0.04,0.010550996483,-0.808,412.0,0.20819112628,0.550617283951,11.0,1961.0,3.0,1249.0,deleted
0.0,0.5,0.347826086957,0.0,-0.217391304348,412.0,0.20819112628,0.572839506173,11.0,1961.0,3.0,1249.0,deleted
0.0,0.5,0.347826086957,0.0,-0.217391304348,412.0,0.20819112628,0.6,11.0,1961.0,3.0,1249.0,open
0.0,0.5,0.347826086957,0.0,-0.217391304348,412.0,0.20819112628,0.654320987654,11.0,1961.0,3.0,1249.0,open
-1.0,-1.0,0.0,0.0,-0.857142857143,412.0,0.7,0.698412698413,11.0,1801.0,2.0,1249.0,close
-1.0,-1.0,0.8,0.010550996483,0.6,412.0,0.0672514619883,0.619164619165,11.0,1801.0,2.0,1249.0,open
-1.0,-1.0,0.04,0.010550996483,-0.808,129.0,0.155913978495,0.252873563218,3.0,4603.0,3.0,6441.0,open
-1.0,-1.0,0.04,0.010550996483,-0.808,129.0,0.155913978495,0.781609195402,3.0,4603.0,3.0,6441.0,deleted
1.0,1.0,1.0,0.0,1.0,55.0,0.695652173913,0.936170212766,4.0,4603.0,3.0,7858.0,deleted
-1.0,-1.0,0.0,0.0,-1.0,17.0,1.21428571429,0.757142857143,1.0,1379.0,3.0,958.0,deleted
-1.0,-1.0,0.0,0.0,-0.833333333333,1230.0,0.345794392523,0.63556851312,26.0,1801.0,2.0,1105.0,open
-1.0,-1.0,0.0,0.0,-0.857142857143,1230.0,0.345794392523,0.650145772595,26.0,1801.0,2.0,1105.0,deleted
0.0,-1.0,0.0,0.00234466588511,-1.0,1230.0,0.345794392523,0.265306122449,26.0,1801.0,3.0,1157.0,deleted
-1.0,-1.0,0.0921052631579,0.010550996483,-0.513157894737,1230.0,0.283464566929,0.634020618557,26.0,2188.0,3.0,1476.0,deleted
-1.0,-0.555555555556,0.0,0.00234466588511,-1.0,1230.0,0.237442922374,0.22191011236,26.0,3120.0,2.0,2289.0,deleted
1.0,-0.555555555556,0.666666666667,0.00117233294256,0.666666666667,1230.0,0.237442922374,0.669943820225,26.0,3120.0,1.0,2289.0,deleted
1.0,-0.555555555556,0.166666666667,0.010550996483,-0.333333333333,1230.0,0.237442922374,0.665730337079,26.0,3120.0,2.0,2101.0,deleted
-1.0,-0.555555555556,0.0921052631579,0.010550996483,-0.513157894737,1230.0,0.237442922374,0.783707865169,26.0,3120.0,3.0,2289.0,deleted
-1.0,-0.555555555556,0.0921052631579,0.010550996483,-0.513157894737,1230.0,0.237442922374,0.60393258427,26.0,3120.0,3.0,2289.0,deleted
-1.0,-0.555555555556,0.0921052631579,0.010550996483,-0.513157894737,1230.0,0.237442922374,0.51404494382,26.0,3120.0,3.0,2289.0,close
0.0,-0.555555555556,0.0,0.00117233294256,-1.0,1230.0,0.237442922374,0.64606741573,26.0,3120.0,2.0,2289.0,close
-1.0,0.0,0.0,0.010550996483,-1.0,712.0,0.237226277372,0.80343980344,16.0,2303.0,2.0,1591.0,deleted
1.0,1.0,0.25,0.010550996483,-0.5,1566.0,0.0569105691057,0.65237020316,27.0,1414.0,3.0,470.0,deleted
0.0,-1.0,0.0,0.00234466588511,-1.0,1566.0,1.76470588235,0.846153846154,27.0,1414.0,1.0,702.0,deleted
1.0,1.0,0.444444444444,0.010550996483,0.0,1566.0,0.0901287553648,0.918918918919,27.0,1414.0,3.0,702.0,deleted
1.0,1.0,0.444444444444,0.010550996483,0.0,1566.0,0.0613496932515,0.5960591133,27.0,1414.0,3.0,702.0,deleted
1.0,1.0,0.0921052631579,0.010550996483,-0.513157894737,1566.0,0.301587301587,0.614583333333,27.0,877.0,3.0,165.0,open
1.0,1.0,0.0921052631579,0.010550996483,-0.513157894737,1566.0,0.301587301587,0.864583333333,27.0,877.0,3.0,165.0,open
1.0,1.0,0.194444444444,0.00234466588511,-0.555555555556,1566.0,0.189189189189,0.777777777778,27.0,1414.0,2.0,702.0,open
-1.0,-1.0,0.194444444444,0.00234466588511,-0.555555555556,1449.0,0.0835820895522,0.406032482599,22.0,1472.0,2.0,1574.0,open
-1.0,-1.0,0.194444444444,0.00234466588511,-0.555555555556,1449.0,0.116129032258,0.304166666667,22.0,2286.0,2.0,1574.0,deleted
-1.0,-1.0,0.194444444444,0.00234466588511,-0.555555555556,1449.0,0.116129032258,0.275,22.0,2286.0,2.0,1574.0,deleted
-1.0,-1.0,0.194444444444,0.00234466588511,-0.555555555556,1449.0,0.116129032258,0.3,22.0,2286.0,2.0,1574.0,deleted
-1.0,-1.0,0.194444444444,0.00234466588511,-0.555555555556,1449.0,0.116129032258,0.775,22.0,2286.0,2.0,1574.0,open
-1.0,-1.0,0.194444444444,0.00234466588511,-0.555555555556,1449.0,0.116129032258,0.747916666667,22.0,2286.0,2.0,1574.0,deleted
-1.0,-1.0,0.194444444444,0.00234466588511,-0.555555555556,1449.0,0.116129032258,0.770833333333,22.0,2286.0,2.0,1574.0,open
-1.0,-1.0,0.194444444444,0.00234466588511,-0.555555555556,1449.0,0.116129032258,0.4,22.0,2286.0,2.0,1574.0,deleted
-1.0,-1.0,0.194444444444,0.00234466588511,-0.555555555556,1449.0,0.116129032258,0.860416666667,22.0,2286.0,2.0,1574.0,deleted
-1.0,-1.0,0.194444444444,0.00234466588511,-0.555555555556,1449.0,0.116129032258,0.633333333333,22.0,2286.0,2.0,1574.0,open
-1.0,-1.0,0.194444444444,0.00234466588511,-0.555555555556,1449.0,0.116129032258,0.5375,22.0,2286.0,2.0,1574.0,open
-1.0,-1.0,0.194444444444,0.00234466588511,-0.555555555556,1449.0,0.116129032258,0.508333333333,22.0,2286.0,2.0,1574.0,open
-1.0,-1.0,0.194444444444,0.00234466588511,-0.555555555556,1449.0,0.116129032258,0.533333333333,22.0,2286.0,2.0,1574.0,open
0.0,0.2,0.194444444444,0.00234466588511,-0.555555555556,1449.0,0.130363036304,0.614193548387,22.0,1472.0,2.0,1574.0,open
0.0,0.2,0.194444444444,0.00234466588511,-0.555555555556,1449.0,0.130363036304,0.436129032258,22.0,1472.0,2.0,1574.0,open
1.0,0.2,0.194444444444,0.00234466588511,-0.555555555556,1449.0,0.130363036304,0.906451612903,22.0,1472.0,2.0,1574.0,open
1.0,0.2,0.194444444444,0.00234466588511,-0.555555555556,1449.0,0.130363036304,0.8,22.0,1472.0,3.0,1574.0,open
-1.0,0.2,0.5,0.0,0.0,1449.0,0.130363036304,0.717419354839,22.0,1472.0,2.0,1574.0,open
-1.0,-1.0,0.194444444444,0.00234466588511,-0.555555555556,1449.0,0.14657980456,0.467289719626,22.0,2286.0,2.0,1574.0,open
-1.0,-1.0,0.194444444444,0.00234466588511,-0.555555555556,1449.0,0.14657980456,0.422897196262,22.0,2286.0,2.0,1574.0,open
-1.0,-1.0,0.0,0.0,-1.0,1449.0,0.14657980456,0.544392523364,22.0,2286.0,2.0,1574.0,open
0.0,-1.0,0.347826086957,0.0,-0.217391304348,1449.0,0.14657980456,0.226635514019,22.0,2286.0,3.0,1574.0,open
0.0,-1.0,0.25,0.0,-0.125,1449.0,0.14657980456,0.943925233645,22.0,2286.0,2.0,1574.0,open
-1.0,-1.0,0.0921052631579,0.010550996483,-0.513157894737,1449.0,0.387755102041,0.897435897436,22.0,2278.0,3.0,1265.0,open
-1.0,-1.0,0.0921052631579,0.010550996483,-0.513157894737,1449.0,0.387755102041,0.730769230769,22.0,2278.0,3.0,1527.0,open
-1.0,-1.0,0.0405405405405,0.010550996483,-0.912162162162,841.0,0.0604890604891,0.718495934959,6.0,2286.0,2.0,1574.0,open
-1.0,-1.0,0.0405405405405,0.010550996483,-0.912162162162,841.0,0.0604890604891,0.72256097561,6.0,2286.0,2.0,1574.0,close
-1.0,-1.0,0.0405405405405,0.010550996483,-0.912162162162,841.0,0.0604890604891,0.309959349593,6.0,2286.0,2.0,1574.0,open
-1.0,-1.0,0.0921052631579,0.010550996483,-0.513157894737,841.0,0.0604890604891,0.80487804878,6.0,2286.0,3.0,1574.0,open
-1.0,-1.0,0.0921052631579,0.010550996483,-0.513157894737,841.0,0.0604890604891,0.811991869919,6.0,2286.0,3.0,1574.0,open
-1.0,-1.0,0.0921052631579,0.010550996483,-0.513157894737,220.0,1.12121212121,0.7625,14.0,1168.0,3.0,1574.0,open
1.0,0.0,0.0405405405405,0.010550996483,-0.912162162162,1104.0,0.56862745098,0.396739130435,27.0,2286.0,2.0,1240.0,open
0.0,0.0,0.25,0.0,-0.125,1104.0,0.56862745098,0.548913043478,27.0,2286.0,2.0,1574.0,open
-1.0,-1.0,0.0921052631579,0.010550996483,-0.513157894737,1104.0,0.294117647059,0.638095238095,27.0,2286.0,3.0,1574.0,open
-1.0,-1.0,0.0921052631579,0.010550996483,-0.513157894737,1104.0,0.294117647059,0.752380952381,27.0,2286.0,3.0,1574.0,open
-1.0,-1.0,0.0921052631579,0.010550996483,-0.513157894737,1104.0,0.294117647059,0.895238095238,27.0,2286.0,3.0,1574.0,open
-1.0,-1.0,0.0921052631579,0.010550996483,-0.513157894737,1104.0,0.224719101124,0.5,27.0,2286.0,3.0,1574.0,open
-1.0,-1.0,0.0921052631579,0.010550996483,-0.513157894737,1104.0,0.224719101124,0.68115942029,27.0,2286.0,3.0,1574.0,close
-1.0,-1.0,0.0921052631579,0.010550996483,-0.513157894737,1104.0,0.224719101124,0.855072463768,27.0,2286.0,3.0,1574.0,close
-1.0,0.0,0.0,0.00234466588511,-1.0,1104.0,0.355371900826,0.455026455026,27.0,2286.0,1.0,1574.0,close
1.0,0.0,1.0,0.010550996483,1.0,1104.0,0.355371900826,0.391534391534,27.0,2286.0,2.0,1574.0,open
1.0,1.0,1.0,0.010550996483,1.0,1104.0,0.225165562914,0.472222222222,27.0,2286.0,2.0,1240.0,open
0.0,0.0,0.0,0.00234466588511,-0.666666666667,1104.0,0.304347826087,0.161473087819,27.0,2286.0,3.0,1574.0,open
-1.0,-1.0,0.0,0.0,-0.833333333333,1104.0,0.388888888889,0.932432432432,27.0,2286.0,2.0,1574.0,open
-1.0,-1.0,0.0,0.0,-0.857142857143,1104.0,0.388888888889,0.966216216216,27.0,2286.0,2.0,1574.0,close
0.0,-1.0,0.0,0.00234466588511,-1.0,961.0,1.525,0.0921052631579,22.0,712.0,3.0,9466.0,open
0.0,-1.0,0.0,0.00234466588511,-1.0,961.0,1.60975609756,0.198347107438,22.0,712.0,3.0,9466.0,open
0.0,-1.0,0.0,0.00234466588511,-1.0,961.0,1.57627118644,0.122093023256,22.0,712.0,3.0,9466.0,open
0.0,-1.0,0.0,0.00234466588511,-1.0,961.0,1.51219512195,0.196581196581,22.0,712.0,3.0,9466.0,open
0.0,-1.0,0.0,0.010550996483,-1.0,961.0,1.09090909091,0.25,22.0,712.0,3.0,9466.0,open
0.0,-1.0,0.0,0.00234466588511,-1.0,961.0,1.09090909091,0.25,22.0,712.0,3.0,9466.0,open
0.0,-1.0,0.0,0.010550996483,-1.0,961.0,1.3,0.0801886792453,22.0,712.0,3.0,9466.0,close
0.0,-1.0,0.0,0.00234466588511,-1.0,961.0,1.3,0.0801886792453,22.0,712.0,3.0,9466.0,close
0.0,0.0,0.0921052631579,0.010550996483,-0.513157894737,961.0,0.196078431373,0.829931972789,22.0,1414.0,3.0,1380.0,open
0.0,0.0,0.0921052631579,0.010550996483,-0.513157894737,961.0,0.196078431373,0.768707482993,22.0,1414.0,3.0,1239.0,open
0.0,-1.0,0.0,0.010550996483,-1.0,961.0,1.04310344828,0.0780669144981,22.0,712.0,3.0,9466.0,open
0.0,-1.0,0.0,0.00234466588511,-1.0,961.0,1.04310344828,0.0780669144981,22.0,712.0,3.0,9466.0,open
0.0,-1.0,0.0,0.010550996483,-1.0,961.0,1.63218390805,0.0736434108527,22.0,712.0,3.0,9466.0,open
0.0,-1.0,0.0,0.00234466588511,-1.0,961.0,1.63218390805,0.0736434108527,22.0,712.0,3.0,9466.0,close
-1.0,-1.0,0.0,0.00234466588511,-1.0,961.0,1.12962962963,0.97037037037,22.0,712.0,1.0,9466.0,open
0.0,-1.0,0.0,0.010550996483,-1.0,961.0,1.12962962963,0.140740740741,22.0,712.0,3.0,9466.0,close
0.0,-1.0,0.0,0.00234466588511,-1.0,961.0,1.12962962963,0.140740740741,22.0,712.0,3.0,9466.0,close
-1.0,-1.0,0.333333333333,0.00234466588511,-0.333333333333,961.0,1.4347826087,0.933333333333,22.0,712.0,2.0,9466.0,close
-1.0,-1.0,0.0,0.00234466588511,-1.0,961.0,1.4347826087,0.933333333333,22.0,712.0,1.0,9466.0,close
0.0,-1.0,0.0,0.00234466588511,-1.0,961.0,1.4347826087,0.102564102564,22.0,712.0,3.0,9466.0,close
0.0,-1.0,0.0,0.00234466588511,-1.0,961.0,1.76,0.0967741935484,22.0,712.0,3.0,9466.0,open
0.0,-1.0,0.0,0.010550996483,-1.0,961.0,1.62637362637,0.0706319702602,22.0,712.0,3.0,9466.0,open
0.0,-1.0,0.0,0.00234466588511,-1.0,961.0,1.62637362637,0.0706319702602,22.0,712.0,3.0,9466.0,open
0.0,-1.0,0.0,0.0,-1.0,961.0,0.841791044776,0.845744680851,22.0,712.0,2.0,9466.0,open
-1.0,-1.0,0.444444444444,0.010550996483,0.0,961.0,0.841791044776,0.323404255319,22.0,712.0,3.0,9466.0,open
0.0,-1.0,0.0,0.010550996483,-1.0,961.0,0.841791044776,0.0241134751773,22.0,712.0,3.0,9466.0,open
0.0,0.0,0.0,0.00234466588511,-0.666666666667,961.0,1.0,0.584905660377,22.0,8221.0,1.0,7509.0,open
0.0,-1.0,0.0,0.00234466588511,-1.0,961.0,0.841791044776,0.0241134751773,22.0,712.0,3.0,9466.0,open
-1.0,-1.0,0.04,0.010550996483,-0.808,961.0,0.285,0.644859813084,22.0,8237.0,3.0,7525.0,open
-1.0,-1.0,0.04,0.010550996483,-0.808,961.0,0.285,0.616822429907,22.0,8237.0,3.0,7525.0,open
-1.0,-1.0,0.04,0.010550996483,-0.808,961.0,0.285,0.376947040498,22.0,8237.0,3.0,7525.0,open
-1.0,-1.0,0.04,0.010550996483,-0.808,961.0,0.285,0.348909657321,22.0,8237.0,3.0,7525.0,open
0.0,-1.0,0.0,0.00234466588511,-1.0,961.0,0.404255319149,0.240506329114,22.0,712.0,3.0,9466.0,open
-1.0,-1.0,0.0921052631579,0.010550996483,-0.513157894737,420.0,0.123762376238,0.955882352941,19.0,1857.0,3.0,1145.0,close
-1.0,-1.0,0.0921052631579,0.010550996483,-0.513157894737,420.0,0.123762376238,0.632352941176,19.0,1857.0,3.0,597.0,open
-1.0,-1.0,0.0921052631579,0.010550996483,-0.513157894737,420.0,0.123762376238,0.713235294118,19.0,1857.0,3.0,887.0,close
-1.0,-1.0,0.0921052631579,0.010550996483,-0.513157894737,420.0,0.123762376238,0.753676470588,19.0,1857.0,3.0,1145.0,close
0.0,-1.0,0.347826086957,0.0,-0.217391304348,420.0,0.123762376238,0.849264705882,19.0,1857.0,3.0,1145.0,open
-1.0,-1.0,0.5,0.00117233294256,0.0,420.0,0.833333333333,0.538888888889,19.0,1857.0,2.0,1145.0,open
-1.0,-1.0,0.194444444444,0.00234466588511,-0.555555555556,120.0,0.298701298701,0.504347826087,5.0,1858.0,2.0,1146.0,open
-1.0,-1.0,0.0405405405405,0.010550996483,-0.912162162162,1083.0,0.296992481203,0.973288814691,2.0,712.0,1.0,9466.0,open
-1.0,-1.0,0.0405405405405,0.010550996483,-0.912162162162,1083.0,0.296992481203,0.484140233723,2.0,712.0,3.0,9466.0,open
-1.0,-1.0,0.0405405405405,0.010550996483,-0.912162162162,1083.0,0.296992481203,0.516972732332,2.0,712.0,3.0,9466.0,open
-1.0,-1.0,0.0405405405405,0.010550996483,-0.912162162162,1083.0,0.296992481203,0.543127434613,2.0,712.0,3.0,9466.0,open
-1.0,-1.0,0.0405405405405,0.010550996483,-0.912162162162,1083.0,0.296992481203,0.573734001113,2.0,712.0,3.0,9466.0,open
-1.0,-1.0,0.0405405405405,0.010550996483,-0.912162162162,1083.0,0.296992481203,0.599888703395,2.0,712.0,3.0,9466.0,open
-1.0,-1.0,0.0405405405405,0.010550996483,-0.912162162162,1083.0,0.296992481203,0.623817473567,2.0,712.0,3.0,9466.0,open
-1.0,-1.0,0.0405405405405,0.010550996483,-0.912162162162,1083.0,0.296992481203,0.658875904285,2.0,712.0,3.0,9466.0,open
-1.0,-1.0,0.0405405405405,0.010550996483,-0.912162162162,1083.0,0.296992481203,0.707846410684,2.0,712.0,3.0,9466.0,open
-1.0,-1.0,0.0405405405405,0.010550996483,-0.912162162162,1083.0,0.296992481203,0.74735670562,2.0,712.0,3.0,9466.0,open
-1.0,-1.0,0.0405405405405,0.010550996483,-0.912162162162,1083.0,0.296992481203,0.782415136338,2.0,712.0,3.0,9466.0,deleted
-1.0,-1.0,0.0405405405405,0.010550996483,-0.912162162162,1083.0,0.296992481203,0.813021702838,2.0,712.0,3.0,9466.0,open
-1.0,-1.0,0.0405405405405,0.010550996483,-0.912162162162,1083.0,0.296992481203,0.841402337229,2.0,712.0,3.0,9466.0,close
-1.0,-1.0,0.0405405405405,0.010550996483,-0.912162162162,1083.0,0.296992481203,0.880912632165,2.0,712.0,3.0,9466.0,open
-1.0,-1.0,0.0405405405405,0.010550996483,-0.912162162162,1083.0,0.296992481203,0.967167501391,2.0,712.0,3.0,9466.0,open
-1.0,-1.0,0.0526315789474,0.0,-0.894736842105,1083.0,0.296992481203,0.210350584307,2.0,712.0,1.0,9466.0,open
-1.0,-1.0,0.0526315789474,0.0,-0.894736842105,1083.0,0.296992481203,0.227045075125,2.0,712.0,1.0,9466.0,open
-1.0,-1.0,0.0,0.0,-1.0,1083.0,0.296992481203,0.0907067334446,2.0,712.0,2.0,9466.0,deleted
-1.0,-1.0,0.0,0.0,-1.0,1083.0,0.296992481203,0.139677239844,2.0,712.0,2.0,9466.0,open
-1.0,-1.0,0.0,0.0,-1.0,1083.0,0.296992481203,0.112966054535,2.0,712.0,3.0,9466.0,open
-1.0,-1.0,0.0,0.0,-1.0,1083.0,0.296992481203,0.129104062326,2.0,712.0,3.0,9466.0,open
-1.0,-1.0,0.0,0.0,-1.0,1083.0,0.296992481203,0.174735670562,2.0,712.0,3.0,9466.0,open
-1.0,-1.0,0.0,0.0,-1.0,1083.0,0.296992481203,0.19143016138,2.0,712.0,3.0,9466.0,close
-1.0,-1.0,0.0,0.0,-1.0,1083.0,0.296992481203,0.224819143016,2.0,712.0,3.0,9466.0,close
-1.0,-1.0,0.0,0.0,-1.0,1083.0,0.296992481203,0.241513633834,2.0,712.0,3.0,9466.0,open
-1.0,-1.0,0.0,0.0,-1.0,1083.0,0.296992481203,0.254312743461,2.0,712.0,3.0,9466.0,open
-1.0,-1.0,0.0,0.0,-1.0,1083.0,0.296992481203,0.597106288258,2.0,712.0,3.0,9466.0,open
-1.0,-1.0,0.0,0.0,-1.0,1083.0,0.296992481203,0.779632721202,2.0,712.0,3.0,9466.0,open
-1.0,-1.0,0.0,0.0,-1.0,1083.0,0.296992481203,0.964385086255,2.0,712.0,3.0,9466.0,open
-1.0,-1.0,0.04,0.010550996483,-0.808,1083.0,0.322222222222,0.488709677419,2.0,712.0,3.0,9466.0,open
-1.0,-1.0,0.04,0.010550996483,-0.808,1083.0,0.322222222222,0.454838709677,2.0,712.0,3.0,9466.0,open
-1.0,-1.0,0.04,0.010550996483,-0.808,1083.0,0.322222222222,0.472580645161,2.0,712.0,3.0,9466.0,open
-1.0,-1.0,0.04,0.010550996483,-0.808,1083.0,0.322222222222,0.922580645161,2.0,712.0,3.0,9466.0,open
-1.0,-1.0,0.0,0.0,-1.0,1083.0,0.322222222222,0.353225806452,2.0,712.0,3.0,9466.0,open
-1.0,-1.0,0.0,0.0,-1.0,1083.0,0.322222222222,0.672580645161,2.0,712.0,3.0,9466.0,open
-1.0,-1.0,0.0,0.0,-1.0,1083.0,0.322222222222,0.993548387097,2.0,712.0,3.0,9466.0,open
-1.0,-1.0,0.04,0.010550996483,-0.808,219.0,0.220338983051,0.467924528302,5.0,1472.0,3.0,1365.0,close
1.0,1.0,0.04,0.010550996483,-0.808,220.0,0.368421052632,0.6,17.0,2658.0,3.0,2089.0,open
0.0,-1.0,0.0,0.00234466588511,-1.0,35.0,1.35,0.192660550459,2.0,712.0,3.0,9466.0,open
0.0,-1.0,0.0,0.00234466588511,-1.0,35.0,1.43243243243,0.152380952381,2.0,712.0,3.0,9466.0,open
-1.0,-1.0,0.0405405405405,0.010550996483,-0.912162162162,485.0,0.415407854985,0.886294416244,2.0,712.0,1.0,9466.0,open
-1.0,-1.0,0.0405405405405,0.010550996483,-0.912162162162,485.0,0.415407854985,0.871065989848,2.0,712.0,3.0,9466.0,open
-1.0,-1.0,0.0405405405405,0.010550996483,-0.912162162162,485.0,0.415407854985,0.924873096447,2.0,712.0,3.0,9466.0,open
-1.0,-1.0,0.0526315789474,0.0,-0.894736842105,485.0,0.415407854985,0.371573604061,2.0,712.0,1.0,9466.0,open
-1.0,-1.0,0.0526315789474,0.0,-0.894736842105,485.0,0.415407854985,0.402030456853,2.0,712.0,1.0,9466.0,open
-1.0,-1.0,0.04,0.010550996483,-0.808,485.0,0.415407854985,0.892385786802,2.0,712.0,2.0,9466.0,open
-1.0,-1.0,0.0,0.0,-1.0,485.0,0.415407854985,0.153299492386,2.0,712.0,2.0,9466.0,open
-1.0,-1.0,0.0,0.0,-1.0,485.0,0.415407854985,0.242639593909,2.0,712.0,2.0,9466.0,open
-1.0,-1.0,0.0,0.0,-1.0,485.0,0.415407854985,0.193908629442,2.0,712.0,3.0,9466.0,open
-1.0,-1.0,0.0,0.0,-1.0,485.0,0.415407854985,0.223350253807,2.0,712.0,3.0,9466.0,open
-1.0,-1.0,0.0,0.0,-1.0,485.0,0.415407854985,0.306598984772,2.0,712.0,3.0,9466.0,open
-1.0,-1.0,0.0,0.0,-1.0,485.0,0.415407854985,0.337055837563,2.0,712.0,3.0,9466.0,open
-1.0,-1.0,0.0,0.0,-1.0,485.0,0.415407854985,0.367512690355,2.0,712.0,3.0,9466.0,open
-1.0,-1.0,0.0,0.0,-1.0,485.0,0.415407854985,0.397969543147,2.0,712.0,3.0,9466.0,open
-1.0,-1.0,0.0,0.0,-1.0,485.0,0.415407854985,0.428426395939,2.0,712.0,3.0,9466.0,open
-1.0,-1.0,0.0,0.0,-1.0,485.0,0.415407854985,0.451776649746,2.0,712.0,3.0,9466.0,open
-1.0,-1.0,0.04,0.010550996483,-0.808,485.0,0.653333333333,0.722627737226,2.0,712.0,3.0,9466.0,open
0.0,-1.0,0.0,0.00234466588511,-1.0,148.0,1.45918367347,0.0581818181818,4.0,712.0,3.0,9466.0,open
-1.0,-1.0,0.04,0.010550996483,-0.808,148.0,0.822580645161,0.859259259259,4.0,6944.0,3.0,6162.0,open
0.0,-1.0,0.0,0.00234466588511,-1.0,148.0,0.822580645161,0.118518518519,4.0,6944.0,3.0,6232.0,open
-1.0,-1.0,0.0,0.0,-1.0,148.0,0.417475728155,0.297142857143,4.0,4613.0,1.0,6232.0,open
-1.0,-1.0,0.04,0.010550996483,-0.808,148.0,0.417475728155,0.748571428571,4.0,4613.0,3.0,6162.0,open
-1.0,-1.0,0.0405405405405,0.010550996483,-0.912162162162,555.0,0.376358695652,0.922714420358,2.0,712.0,3.0,9466.0,open
-1.0,-1.0,0.0526315789474,0.0,-0.894736842105,555.0,0.376358695652,0.344957587182,2.0,712.0,1.0,9466.0,open
-1.0,-1.0,0.0526315789474,0.0,-0.894736842105,555.0,0.376358695652,0.373232799246,2.0,712.0,1.0,9466.0,open
-1.0,-1.0,0.0,0.0,-1.0,555.0,0.376358695652,0.142318567389,2.0,712.0,2.0,9466.0,open
-1.0,-1.0,0.0,0.0,-1.0,555.0,0.376358695652,0.225259189444,2.0,712.0,2.0,9466.0,open
-1.0,-1.0,0.0,0.0,-1.0,555.0,0.376358695652,0.180018850141,2.0,712.0,3.0,9466.0,open
-1.0,-1.0,0.0,0.0,-1.0,555.0,0.376358695652,0.207351555137,2.0,712.0,3.0,9466.0,open
-1.0,-1.0,0.0,0.0,-1.0,555.0,0.376358695652,0.284637134779,2.0,712.0,3.0,9466.0,open
-1.0,-1.0,0.0,0.0,-1.0,555.0,0.376358695652,0.312912346843,2.0,712.0,3.0,9466.0,open
-1.0,-1.0,0.0,0.0,-1.0,555.0,0.376358695652,0.341187558907,2.0,712.0,3.0,9466.0,open
-1.0,-1.0,0.0,0.0,-1.0,555.0,0.376358695652,0.369462770971,2.0,712.0,3.0,9466.0,open
-1.0,-1.0,0.0,0.0,-1.0,555.0,0.376358695652,0.397737983035,2.0,712.0,3.0,9466.0,open
-1.0,-1.0,0.0,0.0,-1.0,555.0,0.376358695652,0.419415645617,2.0,712.0,3.0,9466.0,open
-1.0,-1.0,0.04,0.010550996483,-0.808,555.0,0.422413793103,0.679775280899,2.0,712.0,3.0,9466.0,open
-1.0,-1.0,0.04,0.010550996483,-0.808,555.0,0.422413793103,0.601123595506,2.0,712.0,3.0,9466.0,open
-1.0,-1.0,0.04,0.010550996483,-0.808,555.0,0.422413793103,0.926966292135,2.0,712.0,3.0,9466.0,open
,,,,,,,,,,,,open
,,,,,,,,,,,,open
,,,,,,,,,,,,open
,,,,,,,,,,,,open
,,,,,,,,,,,,open
,,,,,,,,,,,,open
,,,,,,,,,,,,open
,,,,,,,,,,,,open
,,,,,,,,,,,,open
,,,,,,,,,,,,open
,,,,,,,,,,,,open
,,,,,,,,,,,,open
,,,,,,,,,,,,open
,,,,,,,,,,,,open
,,,,,,,,,,,,open
,,,,,,,,,,,,open
,,,,,,,,,,,,open
,,,,,,,,,,,,open
,,,,,,,,,,,,open
,,,,,,,,,,,,open
,,,,,,,,,,,,open
,,,,,,,,,,,,open
,,,,,,,,,,,,open
,,,,,,,,,,,,open
,,,,,,,,,,,,open
,,,,,,,,,,,,open
,,,,,,,,,,,,close
,,,,,,,,,,,,open
,,,,,,,,,,,,open
,,,,,,,,,,,,open
,,,,,,,,,,,,open
,,,,,,,,,,,,open
,,,,,,,,,,,,open
,,,,,,,,,,,,open
,,,,,,,,,,,,open
,,,,,,,,,,,,open
,,,,,,,,,,,,open
,,,,,,,,,,,,open
,,,,,,,,,,,,open
,,,,,,,,,,,,open
,,,,,,,,,,,,open
,,,,,,,,,,,,open
,,,,,,,,,,,,open
,,,,,,,,,,,,open
,,,,,,,,,,,,open
,,,,,,,,,,,,open
,,,,,,,,,,,,open
,,,,,,,,,,,,open
,,,,,,,,,,,,open
,,,,,,,,,,,,open
,,,,,,,,,,,,open
,,,,,,,,,,,,open
,,,,,,,,,,,,open
,,,,,,,,,,,,open
,,,,,,,,,,,,open
,,,,,,,,,,,,open
,,,,,,,,,,,,open
,,,,,,,,,,,,open
,,,,,,,,,,,,open
,,,,,,,,,,,,open
,,,,,,,,,,,,open
,,,,,,,,,,,,open
,,,,,,,,,,,,open
,,,,,,,,,,,,open
,,,,,,,,,,,,open
,,,,,,,,,,,,open
,,,,,,,,,,,,open
