Name,F116,F115,F117,F121,F110,F64,F104,F101,F68,F72,F22,F77,category
org/apache/commons/cli/avalon/CLArgsParser.java,1.0,1.0,0.3,0.00306748466258,-0.4,520,0.413366336634,0.156891495601,7,11856,2,8624,0
org/apache/commons/cli/avalon/CLArgsParser.java,1.0,1.0,0.1,0.00306748466258,-0.8,520,0.413366336634,0.33284457478,7,11856,2,8624,0
org/apache/commons/cli/avalon/CLArgsParser.java,1.0,1.0,0.1,0.00306748466258,-0.8,520,0.413366336634,0.328445747801,7,11856,2,8624,0
org/apache/commons/jexl/bsf/JexlEngine.java,1.0,1.0,0.275862068966,0.176380368098,-0.431034482759,67,0.300970873786,0.966666666667,1,8614,3,5382,0
org/apache/jmeter/JMeter.java,1.0,0.666666666667,0.857142857143,0.0322085889571,0.714285714286,1062,0.13903192585,0.341098169717,13,13761,2,3732,0
org/apache/jmeter/JMeter.java,-1.0,0.666666666667,0.3,0.00306748466258,-0.4,1062,0.13903192585,0.909317803661,13,13761,2,8392,1
org/apache/jmeter/JMeter.java,1.0,0.666666666667,0.275862068966,0.176380368098,-0.431034482759,1062,0.13903192585,0.702995008319,13,13761,2,10529,0
org/apache/jmeter/JMeter.java,0.0,0.666666666667,0.741935483871,0.0383435582822,0.483870967742,1062,0.13903192585,0.262895174709,13,13761,3,10529,1
org/apache/jmeter/JMeter.java,1.0,0.666666666667,0.666666666667,0.176380368098,0.333333333333,1062,0.13903192585,0.8768718802,13,13761,3,220,0
org/apache/jmeter/JMeter.java,0.0,0.666666666667,0.741935483871,0.0383435582822,0.483870967742,1062,0.13903192585,0.862728785358,13,13761,3,10529,1
org/apache/jmeter/JMeterReport.java,1.0,1.0,0.857142857143,0.0322085889571,0.714285714286,1062,0.5,0.805418719212,13,7835,2,8226,0
org/apache/jmeter/JMeterReport.java,1.0,1.0,0.3,0.00306748466258,-0.4,1062,0.5,0.399014778325,13,7835,2,8226,0
org/apache/jmeter/assertions/BSFAssertion.java,0.0,1.0,0.844262295082,0.176380368098,0.688524590164,1549,0.485714285714,0.508771929825,24,8608,3,5376,1
org/apache/jmeter/assertions/BeanShellAssertion.java,-0.5,-1.0,0.5,0.0322085889571,0.0,1549,0.454545454545,0.890977443609,24,12838,3,8624,1
org/apache/jmeter/assertions/CompareAssertion.java,0.0,-0.333333333333,0.844262295082,0.176380368098,0.688524590164,1549,0.255033557047,0.198113207547,24,11455,3,4564,1
org/apache/jmeter/assertions/DurationAssertion.java,0.0,1.0,0.844262295082,0.176380368098,0.688524590164,1549,1.09677419355,0.452054794521,24,10273,3,10529,1
org/apache/jmeter/assertions/HTMLAssertion.java,1.0,1.0,0.574074074074,0.0276073619632,0.148148148148,1549,0.675,0.384415584416,24,10273,1,8944,0
org/apache/jmeter/assertions/HTMLAssertion.java,1.0,1.0,0.574074074074,0.0276073619632,0.148148148148,1549,0.675,0.519480519481,24,10273,1,8944,0
org/apache/jmeter/assertions/HTMLAssertion.java,0.5,1.0,0.5,0.0322085889571,0.0,1549,0.675,0.568831168831,24,10273,3,8944,0
org/apache/jmeter/assertions/HTMLAssertion.java,1.0,1.0,0.275862068966,0.176380368098,-0.431034482759,1549,0.675,0.38961038961,24,10273,3,5238,0
org/apache/jmeter/assertions/HTMLAssertion.java,0.0,1.0,0.844262295082,0.176380368098,0.688524590164,1549,0.675,0.127272727273,24,10273,3,8944,1
org/apache/jmeter/assertions/JSR223Assertion.java,0.0,1.0,0.844262295082,0.176380368098,0.688524590164,1549,0.472222222222,0.55,24,7725,3,4493,1
org/apache/jmeter/assertions/MD5HexAssertion.java,0.0,1.0,0.844262295082,0.176380368098,0.688524590164,1549,0.516666666667,0.366071428571,24,10273,3,9262,1
org/apache/jmeter/assertions/ResponseAssertion.java,0.0,1.0,0.844262295082,0.176380368098,0.688524590164,1549,0.218997361478,0.0894160583942,24,10273,3,10529,1
org/apache/jmeter/assertions/SMIMEAssertionTestElement.java,0.0,1.0,0.844262295082,0.176380368098,0.688524590164,1549,0.182692307692,0.305194805195,24,7336,3,4104,1
org/apache/jmeter/assertions/SizeAssertion.java,0.0,1.0,0.844262295082,0.176380368098,0.688524590164,1549,0.48322147651,0.133079847909,24,13509,3,10337,1
org/apache/jmeter/assertions/XMLAssertion.java,0.0,1.0,0.844262295082,0.176380368098,0.688524590164,1549,0.58,0.411111111111,24,13326,3,10094,1
org/apache/jmeter/assertions/XMLSchemaAssertion.java,0.0,1.0,0.844262295082,0.176380368098,0.688524590164,1549,0.487179487179,0.205607476636,24,11821,3,8589,1
org/apache/jmeter/assertions/XPathAssertion.java,-0.5,0.0,0.5,0.0322085889571,0.0,1549,0.58389261745,0.755474452555,24,11856,3,8624,1
org/apache/jmeter/assertions/XPathAssertion.java,0.0,0.0,0.844262295082,0.176380368098,0.688524590164,1549,0.58389261745,0.164233576642,24,11856,3,8624,1
org/apache/jmeter/assertions/gui/AssertionGui.java,-1.0,-1.0,0.260869565217,0.176380368098,-0.45652173913,1289,0.39846743295,0.503448275862,21,13761,3,10315,1
org/apache/jmeter/assertions/gui/HTMLAssertionGui.java,-1.0,-1.0,0.260869565217,0.176380368098,-0.45652173913,1289,0.308641975309,0.469168900804,21,12176,3,8944,1
org/apache/jmeter/assertions/gui/HTMLAssertionGui.java,-1.0,-1.0,0.260869565217,0.176380368098,-0.45652173913,1289,0.308641975309,0.369973190349,21,12176,3,8944,1
org/apache/jmeter/assertions/gui/MD5HexAssertionGUI.java,-1.0,-1.0,0.260869565217,0.176380368098,-0.45652173913,1289,0.540983606557,0.63025210084,21,12494,3,5238,1
org/apache/jmeter/assertions/gui/MD5HexAssertionGUI.java,-1.0,-1.0,0.260869565217,0.176380368098,-0.45652173913,1289,0.540983606557,0.899159663866,21,12494,3,5238,1
org/apache/jmeter/assertions/gui/SMIMEAssertionGui.java,-1.0,-1.0,0.260869565217,0.176380368098,-0.45652173913,1289,0.114130434783,0.8,21,7336,3,4104,1
org/apache/jmeter/assertions/gui/SMIMEAssertionGui.java,-1.0,-1.0,0.260869565217,0.176380368098,-0.45652173913,1289,0.114130434783,0.904,21,7336,3,4104,1
org/apache/jmeter/assertions/gui/SizeAssertionGui.java,-1.0,-1.0,0.260869565217,0.176380368098,-0.45652173913,1289,0.382978723404,0.449180327869,21,13679,3,10030,1
org/apache/jmeter/assertions/gui/SizeAssertionGui.java,-1.0,-1.0,0.260869565217,0.176380368098,-0.45652173913,1289,0.382978723404,0.304918032787,21,13679,3,10030,1
org/apache/jmeter/assertions/gui/XMLSchemaAssertionGUI.java,-1.0,-1.0,0.260869565217,0.176380368098,-0.45652173913,1289,0.859375,0.744827586207,21,11821,3,5238,1
org/apache/jmeter/assertions/gui/XMLSchemaAssertionGUI.java,-1.0,-1.0,0.260869565217,0.176380368098,-0.45652173913,1289,0.859375,0.593103448276,21,11821,3,8589,1
org/apache/jmeter/assertions/gui/XPathAssertionGui.java,-1.0,-1.0,0.260869565217,0.176380368098,-0.45652173913,1289,0.415584415584,0.526315789474,21,11856,3,5238,1
org/apache/jmeter/config/Argument.java,0.0,1.0,0.844262295082,0.176380368098,0.688524590164,610,1.48,0.252380952381,12,13761,3,10529,1
org/apache/jmeter/config/Arguments.java,0.0,1.0,0.844262295082,0.176380368098,0.688524590164,610,1.0796460177,0.169884169884,12,13761,3,10529,1
org/apache/jmeter/config/CSVDataSet.java,1.0,1.0,1.0,0.00153374233129,1.0,610,0.404255319149,0.601328903654,12,11952,2,7042,1
org/apache/jmeter/config/ConfigTestElement.java,0.0,-1.0,0.844262295082,0.176380368098,0.688524590164,610,0.92,0.568965517241,12,11540,3,10529,1
org/apache/jmeter/config/LoginConfig.java,-0.5,-1.0,0.5,0.0322085889571,0.0,610,1.76,3.26582278481,12,13654,3,10047,1
org/apache/jmeter/config/LoginConfig.java,-0.5,-1.0,0.5,0.0322085889571,0.0,610,1.76,3.10126582278,12,13654,3,10529,1
org/apache/jmeter/config/LoginConfig.java,0.0,-1.0,0.844262295082,0.176380368098,0.688524590164,610,1.76,0.430379746835,12,13654,3,10529,1
org/apache/jmeter/control/ForeachController.java,0.0,1.0,0.844262295082,0.176380368098,0.688524590164,1318,0.44578313253,0.137323943662,22,12475,3,9243,1
org/apache/jmeter/control/GenericController.java,0.0,1.0,0.844262295082,0.176380368098,0.688524590164,1318,0.82380952381,0.127610208817,22,8467,3,10529,1
org/apache/jmeter/control/IfController.java,0.0,1.0,0.844262295082,0.176380368098,0.688524590164,1318,0.895833333333,0.27358490566,22,13204,3,8933,1
org/apache/jmeter/control/InterleaveControl.java,0.0,-1.0,0.844262295082,0.176380368098,0.688524590164,1318,0.545454545455,0.231638418079,22,7861,3,10529,1
org/apache/jmeter/control/LoopController.java,0.0,0.0,0.844262295082,0.176380368098,0.688524590164,1318,0.564814814815,0.274111675127,22,8720,3,10529,1
org/apache/jmeter/control/OnceOnlyController.java,0.0,-1.0,0.844262295082,0.176380368098,0.688524590164,1318,1.125,0.627118644068,22,12420,3,10529,1
org/apache/jmeter/control/RandomController.java,0.0,1.0,0.844262295082,0.176380368098,0.688524590164,1318,1.2380952381,0.563636363636,22,13761,3,10529,1
org/apache/jmeter/control/RandomOrderController.java,0.0,1.0,0.844262295082,0.176380368098,0.688524590164,1318,0.833333333333,0.420454545455,22,12469,3,9237,1
org/apache/jmeter/control/RunTime.java,0.0,-1.0,0.844262295082,0.176380368098,0.688524590164,1318,0.385542168675,0.262773722628,22,5388,3,8866,1
org/apache/jmeter/control/SwitchController.java,0.0,1.0,0.844262295082,0.176380368098,0.688524590164,1318,0.838709677419,0.436507936508,22,11856,3,8624,1
org/apache/jmeter/control/TestFragmentController.java,0.0,-1.0,0.844262295082,0.176380368098,0.688524590164,1318,3.4,0.851851851852,22,7041,3,10812,1
org/apache/jmeter/control/ThroughputController.java,0.0,1.0,0.844262295082,0.176380368098,0.688524590164,1318,0.256544502618,0.173144876325,22,13405,3,10173,1
org/apache/jmeter/control/TransactionController.java,0.0,1.0,0.844262295082,0.176380368098,0.688524590164,1318,0.497382198953,0.149068322981,22,7860,3,9366,1
org/apache/jmeter/control/WhileController.java,0.0,1.0,0.844262295082,0.176380368098,0.688524590164,1318,0.761194029851,0.265151515152,22,11965,3,8733,1
org/apache/jmeter/control/gui/ForeachControlPanel.java,-1.0,-1.0,0.260869565217,0.176380368098,-0.45652173913,1251,0.793388429752,0.482213438735,26,12475,3,5236,1
org/apache/jmeter/control/gui/IncludeControllerGui.java,-1.0,-1.0,0.260869565217,0.176380368098,-0.45652173913,1251,0.492537313433,0.513043478261,26,11427,3,5236,1
org/apache/jmeter/control/gui/IncludeControllerGui.java,-1.0,-1.0,0.260869565217,0.176380368098,-0.45652173913,1251,0.492537313433,0.686956521739,26,11427,3,8195,1
org/apache/jmeter/control/gui/InterleaveControlGui.java,1.0,1.0,0.260869565217,0.176380368098,-0.45652173913,1251,0.471698113208,0.434782608696,26,13761,3,5236,0
org/apache/jmeter/control/gui/InterleaveControlGui.java,1.0,1.0,0.260869565217,0.176380368098,-0.45652173913,1251,0.471698113208,0.695652173913,26,13761,3,5236,0
org/apache/jmeter/control/gui/ModuleControllerGui.java,-1.0,-1.0,0.260869565217,0.176380368098,-0.45652173913,1251,0.169811320755,0.334545454545,26,13510,3,8356,1
org/apache/jmeter/control/gui/ModuleControllerGui.java,-1.0,-1.0,0.260869565217,0.176380368098,-0.45652173913,1251,0.169811320755,0.509090909091,26,13510,3,10001,1
org/apache/jmeter/control/gui/RandomControlGui.java,-1.0,-1.0,0.260869565217,0.176380368098,-0.45652173913,1251,0.462962962963,0.782608695652,26,13761,3,5236,1
org/apache/jmeter/control/gui/RandomControlGui.java,-1.0,-1.0,0.260869565217,0.176380368098,-0.45652173913,1251,0.462962962963,0.597826086957,26,13761,3,5236,1
org/apache/jmeter/control/gui/SwitchControllerGui.java,-1.0,-1.0,0.260869565217,0.176380368098,-0.45652173913,1251,0.431034482759,0.727272727273,26,10273,3,8624,1
org/apache/jmeter/control/gui/SwitchControllerGui.java,-1.0,-1.0,0.260869565217,0.176380368098,-0.45652173913,1251,0.431034482759,0.575757575758,26,10273,3,5236,1
org/apache/jmeter/control/gui/TestPlanGui.java,-1.0,-1.0,0.266666666667,0.176380368098,-0.466666666667,1251,0.547008547009,0.80487804878,26,13761,3,5235,1
org/apache/jmeter/control/gui/ThroughputControllerGui.java,-1.0,-1.0,0.260869565217,0.176380368098,-0.45652173913,1251,0.262711864407,0.658045977011,26,13405,3,5236,1
org/apache/jmeter/control/gui/ThroughputControllerGui.java,-1.0,-1.0,0.260869565217,0.176380368098,-0.45652173913,1251,0.262711864407,0.488505747126,26,13405,3,5236,1
org/apache/jmeter/control/gui/TransactionControllerGui.java,1.0,1.0,0.260869565217,0.176380368098,-0.45652173913,1251,0.604166666667,0.661111111111,26,12598,3,5235,0
org/apache/jmeter/control/gui/TransactionControllerGui.java,1.0,1.0,0.260869565217,0.176380368098,-0.45652173913,1251,0.604166666667,0.75,26,12598,3,5235,0
org/apache/jmeter/control/gui/WorkBenchGui.java,-1.0,-1.0,0.260869565217,0.176380368098,-0.45652173913,1251,0.698795180723,0.5,26,13761,3,1345,1
org/apache/jmeter/engine/ClientJMeterEngine.java,-1.0,-1.0,0.275862068966,0.176380368098,-0.431034482759,749,0.269503546099,0.505,17,13761,3,5235,1
org/apache/jmeter/engine/JMeterEngineException.java,0.0,-1.0,0.844262295082,0.176380368098,0.688524590164,749,1.17647058824,0.681818181818,17,13761,3,10529,1
org/apache/jmeter/engine/StandardJMeterEngine.java,-1.0,0.666666666667,0.166666666667,0.176380368098,-0.666666666667,749,0.22619047619,0.831632653061,17,13761,3,10127,1
org/apache/jmeter/engine/StandardJMeterEngine.java,1.0,0.666666666667,0.857142857143,0.0322085889571,0.714285714286,749,0.22619047619,0.768707482993,17,13761,2,8937,0
org/apache/jmeter/engine/StandardJMeterEngine.java,1.0,0.666666666667,0.3125,0.176380368098,-0.375,749,0.22619047619,0.27380952381,17,13761,1,5235,0
org/apache/jmeter/engine/StandardJMeterEngine.java,1.0,0.666666666667,0.857142857143,0.0322085889571,0.714285714286,749,0.22619047619,0.959183673469,17,13761,2,8937,0
org/apache/jmeter/engine/StandardJMeterEngine.java,1.0,0.666666666667,0.857142857143,0.0322085889571,0.714285714286,749,0.22619047619,0.486394557823,17,13761,2,9749,0
org/apache/jmeter/engine/StandardJMeterEngine.java,1.0,0.666666666667,1.0,0.176380368098,1.0,749,0.22619047619,0.471088435374,17,13761,3,2241,0
org/apache/jmeter/engine/util/CompoundVariable.java,-1.0,-1.0,0.275862068966,0.176380368098,-0.431034482759,495,0.217142857143,0.381742738589,12,10182,3,5235,1
org/apache/jmeter/extractor/BSFPostProcessor.java,0.0,1.0,0.844262295082,0.176380368098,0.688524590164,858,0.62962962963,0.591836734694,15,4850,3,5376,1
org/apache/jmeter/extractor/BeanShellPostProcessor.java,0.0,1.0,0.844262295082,0.176380368098,0.688524590164,858,0.463414634146,0.463768115942,15,10828,3,7596,1
org/apache/jmeter/extractor/DebugPostProcessor.java,0.0,1.0,0.741935483871,0.0383435582822,0.483870967742,858,0.178571428571,0.692307692308,15,9281,3,5236,0
org/apache/jmeter/extractor/HtmlExtractor.java,0.0,1.0,0.844262295082,0.176380368098,0.688524590164,858,0.40206185567,0.1246105919,15,4785,3,1553,1
org/apache/jmeter/extractor/JSR223PostProcessor.java,0.0,1.0,0.844262295082,0.176380368098,0.688524590164,858,0.68,0.65306122449,15,7734,3,4502,1
org/apache/jmeter/extractor/RegexExtractor.java,0.0,0.0,0.844262295082,0.176380368098,0.688524590164,858,0.272727272727,0.0934393638171,15,9736,3,10337,1
org/apache/jmeter/extractor/XPathExtractor.java,0.0,1.0,0.844262295082,0.176380368098,0.688524590164,858,0.368181818182,0.204678362573,15,10183,3,8014,1
org/apache/jmeter/extractor/gui/XPathExtractorGui.java,-1.0,-1.0,0.260869565217,0.176380368098,-0.45652173913,402,0.219512195122,0.431034482759,3,11246,3,5236,1
org/apache/jmeter/functions/AbstractHostIPName.java,-1.0,-1.0,0.109375,0.176380368098,-0.765625,2132,0.581395348837,0.696428571429,48,6169,3,2937,1
org/apache/jmeter/functions/BeanShell.java,-1.0,-1.0,0.109375,0.176380368098,-0.765625,2132,0.355555555556,0.483870967742,48,12591,3,5233,1
org/apache/jmeter/functions/CSVRead.java,-1.0,-1.0,0.109375,0.176380368098,-0.765625,2132,0.837837837838,0.469135802469,48,13384,3,5233,1
org/apache/jmeter/functions/CharFunction.java,-1.0,-1.0,0.109375,0.176380368098,-0.765625,2132,0.5,0.637362637363,48,7485,3,3138,1
org/apache/jmeter/functions/EscapeHtml.java,-1.0,-1.0,0.109375,0.176380368098,-0.765625,2132,1.05263157895,0.752688172043,48,8455,3,5223,1
org/apache/jmeter/functions/EscapeOroRegexpChars.java,-1.0,-1.0,0.109375,0.176380368098,-0.765625,2132,0.444444444444,0.619469026549,48,4881,3,1058,1
org/apache/jmeter/functions/EvalFunction.java,-1.0,-1.0,0.109375,0.176380368098,-0.765625,2132,0.775,0.724137931034,48,9344,3,5233,1
org/apache/jmeter/functions/EvalVarFunction.java,-1.0,-1.0,0.109375,0.176380368098,-0.765625,2132,0.62,0.69387755102,48,8465,3,5233,1
org/apache/jmeter/functions/FileRowColContainer.java,1.0,1.0,0.574074074074,0.0276073619632,0.148148148148,2132,0.592592592593,0.40625,48,3629,1,5233,0
org/apache/jmeter/functions/FileToString.java,-1.0,-1.0,0.109375,0.176380368098,-0.765625,2132,0.432098765432,0.587412587413,48,7868,3,4636,1
org/apache/jmeter/functions/IntSum.java,-1.0,-1.0,0.109375,0.176380368098,-0.765625,2132,0.611111111111,0.603773584906,48,9736,3,567,1
org/apache/jmeter/functions/IterationCounter.java,0.0,-1.0,0.741935483871,0.0383435582822,0.483870967742,2132,0.369863013699,0.426229508197,48,7064,3,4630,1
org/apache/jmeter/functions/JavaScript.java,-1.0,-1.0,0.109375,0.176380368098,-0.765625,2132,0.388888888889,0.544,48,9736,3,9996,1
org/apache/jmeter/functions/Jexl2Function.java,-1.0,-1.0,0.109375,0.176380368098,-0.765625,2132,0.284403669725,0.41975308642,48,6590,3,3358,1
org/apache/jmeter/functions/JexlFunction.java,1.0,1.0,0.109375,0.176380368098,-0.765625,2132,0.306818181818,0.496240601504,48,10346,3,7114,0
org/apache/jmeter/functions/LogFunction2.java,-1.0,-1.0,0.109375,0.176380368098,-0.765625,2132,0.627118644068,0.641025641026,48,4871,3,9353,1
org/apache/jmeter/functions/LongSum.java,-1.0,-1.0,0.109375,0.176380368098,-0.765625,2132,0.592592592593,0.603773584906,48,7843,3,5233,1
org/apache/jmeter/functions/Property.java,-1.0,-1.0,0.109375,0.176380368098,-0.765625,2132,0.642857142857,0.648148148148,48,9736,3,9996,1
org/apache/jmeter/functions/Property2.java,-1.0,-1.0,0.109375,0.176380368098,-0.765625,2132,0.933333333333,0.698113207547,48,3629,3,9934,1
org/apache/jmeter/functions/Random.java,-1.0,-1.0,0.109375,0.176380368098,-0.765625,2132,0.5,0.577981651376,48,12166,3,5233,1
org/apache/jmeter/functions/Random.java,-1.0,-1.0,0.109375,0.176380368098,-0.765625,2132,0.5,0.56880733945,48,12166,3,5233,1
org/apache/jmeter/functions/RandomString.java,-1.0,-1.0,0.109375,0.176380368098,-0.765625,2132,0.371794871795,0.572519083969,48,6607,3,3310,1
org/apache/jmeter/functions/SamplerName.java,-1.0,-1.0,0.109375,0.176380368098,-0.765625,2132,0.551020408163,0.664772727273,48,7216,3,3984,1
org/apache/jmeter/functions/SetProperty.java,-1.0,-1.0,0.109375,0.176380368098,-0.765625,2132,0.686274509804,0.657142857143,48,8901,3,8543,1
org/apache/jmeter/functions/SplitFunction.java,-1.0,-1.0,0.109375,0.176380368098,-0.765625,2132,0.661538461538,0.658914728682,48,8423,3,5233,1
org/apache/jmeter/functions/StringFromFile.java,0.0,-0.333333333333,0.574074074074,0.0276073619632,0.148148148148,2132,0.415458937198,0.592920353982,48,8720,1,3268,0
org/apache/jmeter/functions/StringFromFile.java,-1.0,-0.333333333333,0.109375,0.176380368098,-0.765625,2132,0.415458937198,0.631268436578,48,8720,3,5233,1
org/apache/jmeter/functions/StringFromFile.java,0.0,-0.333333333333,0.109375,0.176380368098,-0.765625,2132,0.415458937198,0.412979351032,48,8720,3,9996,1
org/apache/jmeter/functions/UnEscape.java,-1.0,-1.0,0.109375,0.176380368098,-0.765625,2132,0.763157894737,0.722891566265,48,8458,3,5226,1
org/apache/jmeter/functions/UnEscapeHtml.java,-1.0,-1.0,0.109375,0.176380368098,-0.765625,2132,0.921052631579,0.741573033708,48,8455,3,5223,1
org/apache/jmeter/functions/UrlDecode.java,-1.0,-1.0,0.109375,0.176380368098,-0.765625,2132,0.565217391304,0.701149425287,48,4521,3,1289,1
org/apache/jmeter/functions/UrlEncode.java,-1.0,-1.0,0.109375,0.176380368098,-0.765625,2132,0.565217391304,0.701149425287,48,4521,3,1289,1
org/apache/jmeter/functions/Variable.java,-1.0,-1.0,0.109375,0.176380368098,-0.765625,2132,0.825,0.722222222222,48,10004,3,5233,1
org/apache/jmeter/functions/XPath.java,-1.0,-1.0,0.109375,0.176380368098,-0.765625,2132,0.771929824561,0.595238095238,48,11856,3,3172,1
org/apache/jmeter/functions/gui/FunctionHelper.java,0.0,-1.0,0.741935483871,0.0383435582822,0.483870967742,124,0.152317880795,0.635416666667,4,7736,3,2302,1
org/apache/jmeter/gui/GuiPackage.java,-1.0,-0.5,0.260869565217,0.176380368098,-0.45652173913,1822,0.931203931204,0.996539792388,36,9655,3,282,1
org/apache/jmeter/gui/GuiPackage.java,1.0,-0.5,1.0,0.00306748466258,1.0,1822,0.931203931204,0.20645905421,36,9655,2,5488,0
org/apache/jmeter/gui/GuiPackage.java,-1.0,-0.5,0.275862068966,0.176380368098,-0.431034482759,1822,0.931203931204,0.363321799308,36,9655,3,10529,1
org/apache/jmeter/gui/GuiPackage.java,-1.0,-0.5,0.275862068966,0.176380368098,-0.431034482759,1822,0.931203931204,0.286043829296,36,9655,3,10529,1
org/apache/jmeter/gui/JMeterFileFilter.java,-1.0,-1.0,0.5,0.0276073619632,0.0,1822,2.09090909091,0.663716814159,36,13761,3,5233,1
org/apache/jmeter/gui/JMeterFileFilter.java,-1.0,-1.0,0.1,0.00306748466258,-0.8,1822,2.09090909091,0.513274336283,36,13761,2,10134,1
org/apache/jmeter/gui/MainFrame.java,-1.0,0.333333333333,0.266666666667,0.176380368098,-0.466666666667,1822,0.471774193548,0.388888888889,36,10182,3,7042,1
org/apache/jmeter/gui/MainFrame.java,0.0,0.333333333333,0.741935483871,0.0383435582822,0.483870967742,1822,0.471774193548,0.740338164251,36,10182,3,10529,1
org/apache/jmeter/gui/MainFrame.java,0.0,0.333333333333,0.741935483871,0.0383435582822,0.483870967742,1822,0.471774193548,0.80193236715,36,10182,3,10529,1
org/apache/jmeter/gui/ReportGuiPackage.java,1.0,1.0,1.0,0.00306748466258,1.0,1822,1.03597122302,0.21925566343,36,9655,2,5233,0
org/apache/jmeter/gui/ReportGuiPackage.java,1.0,1.0,0.275862068966,0.176380368098,-0.431034482759,1822,1.03597122302,0.441747572816,36,9655,3,5233,0
org/apache/jmeter/gui/ReportGuiPackage.java,1.0,1.0,0.275862068966,0.176380368098,-0.431034482759,1822,1.03597122302,0.333333333333,36,9655,3,5233,0
org/apache/jmeter/gui/ReportMainFrame.java,1.0,1.0,0.266666666667,0.176380368098,-0.466666666667,1822,0.752525252525,0.54114713217,36,8752,3,8185,0
org/apache/jmeter/gui/action/AboutCommand.java,0.0,-1.0,0.741935483871,0.0383435582822,0.483870967742,2446,0.52,0.714285714286,60,13761,3,10529,1
org/apache/jmeter/gui/action/ActionRouter.java,1.0,1.0,1.0,0.00306748466258,1.0,2446,0.5,0.980769230769,60,10182,2,10116,0
org/apache/jmeter/gui/action/Copy.java,-1.0,-1.0,0.222222222222,0.176380368098,-0.555555555556,2446,0.271844660194,0.551020408163,60,11965,3,10157,1
org/apache/jmeter/gui/action/ExitCommand.java,-1.0,-1.0,0.857142857143,0.0322085889571,0.714285714286,2446,0.794871794872,0.9125,60,10900,2,10185,1
org/apache/jmeter/gui/action/Help.java,-1.0,-1.0,0.3125,0.176380368098,-0.375,2446,0.53125,0.681415929204,60,13707,2,9936,1
org/apache/jmeter/gui/action/LoadRecentProject.java,-1.0,-1.0,0.666666666667,0.176380368098,0.333333333333,2446,0.522292993631,0.653846153846,60,9398,3,5488,1
org/apache/jmeter/gui/action/LoggerPanelEnableDisable.java,1.0,1.0,0.166666666667,0.176380368098,-0.666666666667,2446,0.945945945946,0.817073170732,60,5918,3,2686,0
org/apache/jmeter/gui/action/RawTextSearcher.java,-1.0,0.333333333333,0.5,0.0276073619632,0.0,2446,0.871794871795,0.543209876543,60,6455,3,1369,1
org/apache/jmeter/gui/action/RawTextSearcher.java,1.0,0.333333333333,0.5,0.0276073619632,0.0,2446,0.871794871795,0.728395061728,60,6455,3,1369,0
org/apache/jmeter/gui/action/RawTextSearcher.java,1.0,0.333333333333,0.5,0.0276073619632,0.0,2446,0.871794871795,0.950617283951,60,6455,3,3223,0
org/apache/jmeter/gui/action/RegexpSearcher.java,1.0,1.0,0.5,0.0276073619632,0.0,2446,0.777777777778,0.652777777778,60,6455,3,1369,0
org/apache/jmeter/gui/action/RegexpSearcher.java,1.0,1.0,0.5,0.0276073619632,0.0,2446,0.777777777778,0.875,60,6455,3,1369,0
org/apache/jmeter/gui/action/RemoteStart.java,1.0,1.0,0.275862068966,0.176380368098,-0.431034482759,2446,0.347222222222,0.85046728972,60,13569,3,5233,0
org/apache/jmeter/gui/tree/JMeterTreeListener.java,-1.0,-1.0,0.109375,0.176380368098,-0.765625,518,0.436241610738,0.647773279352,8,13761,3,1308,1
org/apache/jmeter/gui/tree/JMeterTreeListener.java,-1.0,-1.0,0.109375,0.176380368098,-0.765625,518,0.436241610738,0.595141700405,8,13761,3,10041,1
org/apache/jmeter/gui/tree/JMeterTreeListener.java,-1.0,-1.0,0.109375,0.176380368098,-0.765625,518,0.436241610738,0.542510121457,8,13761,3,10041,1
org/apache/jmeter/gui/tree/JMeterTreeListener.java,-1.0,-1.0,0.109375,0.176380368098,-0.765625,518,0.436241610738,0.736842105263,8,13761,3,10041,1
org/apache/jmeter/gui/tree/JMeterTreeListener.java,-1.0,-1.0,0.109375,0.176380368098,-0.765625,518,0.436241610738,0.643724696356,8,13761,3,916,1
org/apache/jmeter/gui/tree/JMeterTreeTransferHandler.java,-1.0,-1.0,0.166666666667,0.176380368098,-0.666666666667,518,0.185185185185,0.537974683544,8,4552,3,1320,1
org/apache/jmeter/gui/tree/JMeterTreeTransferHandler.java,-1.0,-1.0,0.166666666667,0.176380368098,-0.666666666667,518,0.185185185185,0.737341772152,8,4552,3,1320,1
org/apache/jmeter/gui/util/FileListPanel.java,-1.0,-1.0,0.266666666667,0.176380368098,-0.466666666667,3085,0.277777777778,0.945701357466,51,4849,3,5233,1
org/apache/jmeter/gui/util/HeaderAsPropertyRenderer.java,-1.0,-1.0,0.1,0.00306748466258,-0.8,3085,0.739130434783,0.577777777778,51,8238,2,74,1
org/apache/jmeter/gui/util/IconToolbarBean.java,-1.0,-1.0,0.275862068966,0.176380368098,-0.431034482759,3085,0.8125,0.660194174757,51,6548,3,3316,1
org/apache/jmeter/gui/util/JMeterMenuBar.java,-1.0,-1.0,0.333333333333,0.176380368098,-0.333333333333,3085,0.208547008547,0.812720848057,51,7485,3,3348,1
org/apache/jmeter/gui/util/JMeterMenuBar.java,-1.0,-1.0,0.275862068966,0.176380368098,-0.431034482759,3085,0.208547008547,0.305064782097,51,7485,3,10529,1
org/apache/jmeter/gui/util/MenuInfo.java,-0.5,-1.0,0.5,0.0322085889571,0.0,3085,0.769230769231,1.09821428571,51,7485,3,5233,1
org/apache/jmeter/gui/util/PowerTableModel.java,-1.0,-1.0,0.1,0.00306748466258,-0.8,3085,0.2,0.159574468085,51,7860,2,5005,1
org/apache/jmeter/gui/util/PowerTableModel.java,-1.0,-1.0,0.275862068966,0.176380368098,-0.431034482759,3085,0.2,0.496453900709,51,7860,3,10529,1
org/apache/jmeter/gui/util/TextBoxDialoger.java,-1.0,-1.0,0.166666666667,0.176380368098,-0.666666666667,3085,0.347517730496,0.456896551724,51,7206,3,3940,1
org/apache/jmeter/gui/util/TristateCheckBox.java,-1.0,-1.0,0.260869565217,0.176380368098,-0.45652173913,3085,0.240310077519,0.819628647215,51,4821,3,1589,1
org/apache/jmeter/modifiers/BSFPreProcessor.java,0.0,1.0,0.844262295082,0.176380368098,0.688524590164,275,0.607142857143,0.58,10,8608,3,5376,1
org/apache/jmeter/modifiers/BeanShellPreProcessor.java,0.0,1.0,0.844262295082,0.176380368098,0.688524590164,275,0.5,0.5,10,10273,3,7596,1
org/apache/jmeter/modifiers/CounterConfig.java,0.0,0.0,0.844262295082,0.176380368098,0.688524590164,275,0.248447204969,0.251028806584,10,13709,3,10277,1
org/apache/jmeter/modifiers/CounterConfig.java,0.0,0.0,0.741935483871,0.0383435582822,0.483870967742,275,0.248447204969,0.320987654321,10,13709,3,4629,1
org/apache/jmeter/modifiers/JSR223PreProcessor.java,0.0,1.0,0.844262295082,0.176380368098,0.688524590164,275,0.68,0.65306122449,10,7734,3,4502,1
org/apache/jmeter/modifiers/UserParameters.java,0.0,1.0,0.844262295082,0.176380368098,0.688524590164,275,0.728155339806,0.183168316832,10,13738,3,10506,1
org/apache/jmeter/modifiers/gui/CounterConfigGui.java,-1.0,-1.0,0.260869565217,0.176380368098,-0.45652173913,306,0.304761904762,0.696774193548,7,12309,3,10315,1
org/apache/jmeter/modifiers/gui/UserParametersGui.java,-1.0,0.333333333333,0.260869565217,0.176380368098,-0.45652173913,306,0.177083333333,0.233830845771,7,13738,3,9999,1
org/apache/jmeter/modifiers/gui/UserParametersGui.java,1.0,0.333333333333,0.260869565217,0.176380368098,-0.45652173913,306,0.177083333333,0.328358208955,7,13738,3,5000,0
org/apache/jmeter/modifiers/gui/UserParametersGui.java,0.0,0.333333333333,0.741935483871,0.0383435582822,0.483870967742,306,0.177083333333,0.398009950249,7,13738,3,10506,1
org/apache/jmeter/monitor/util/MemoryBenchmark.java,1.0,1.0,1.0,0.176380368098,1.0,163,0.204081632653,0.361538461538,2,12235,2,5233,0
org/apache/jmeter/protocol/ftp/sampler/FTPSampler.java,1.0,0.0,0.574074074074,0.0276073619632,0.148148148148,192,0.149193548387,0.650154798762,1,13726,1,4203,0
org/apache/jmeter/protocol/http/config/MultipartUrlConfig.java,1.0,1.0,0.266666666667,0.176380368098,-0.466666666667,75,0.670212765957,0.785310734463,1,13761,3,5407,0
org/apache/jmeter/protocol/http/config/gui/HttpDefaultsGui.java,-1.0,-1.0,0.260869565217,0.176380368098,-0.45652173913,596,0.217105263158,0.392523364486,6,8720,3,5233,1
org/apache/jmeter/protocol/http/control/AuthManager.java,1.0,1.0,0.574074074074,0.0276073619632,0.148148148148,1622,0.455927051672,0.697026022305,23,8720,1,9994,0
org/apache/jmeter/protocol/http/control/AuthManager.java,1.0,1.0,0.574074074074,0.0276073619632,0.148148148148,1622,0.455927051672,0.635687732342,23,8720,1,1057,0
org/apache/jmeter/protocol/http/control/AuthManager.java,0.0,1.0,0.844262295082,0.176380368098,0.688524590164,1622,0.455927051672,0.130111524164,23,8720,3,10529,1
org/apache/jmeter/protocol/http/control/Authorization.java,-0.5,0.0,0.5,0.0322085889571,0.0,1622,0.333333333333,1.67307692308,23,8674,3,9994,1
org/apache/jmeter/protocol/http/control/Authorization.java,0.0,0.0,0.844262295082,0.176380368098,0.688524590164,1622,0.333333333333,0.407692307692,23,8674,3,10529,1
org/apache/jmeter/protocol/http/control/CacheManager.java,-1.0,0.0,0.333333333333,0.176380368098,-0.333333333333,1622,0.331210191083,0.481720430108,23,8526,2,2228,1
org/apache/jmeter/protocol/http/control/CacheManager.java,0.0,0.0,0.844262295082,0.176380368098,0.688524590164,1622,0.331210191083,0.120430107527,23,8526,3,5294,1
org/apache/jmeter/protocol/http/control/Cookie.java,0.0,-1.0,0.844262295082,0.176380368098,0.688524590164,1622,1.16822429907,0.221402214022,23,8674,3,10529,1
org/apache/jmeter/protocol/http/control/CookieManager.java,-1.0,0.0,0.574074074074,0.0276073619632,0.148148148148,1622,0.32,0.455635491607,23,6539,1,2865,1
org/apache/jmeter/protocol/http/control/CookieManager.java,1.0,0.0,0.574074074074,0.0276073619632,0.148148148148,1622,0.32,0.393285371703,23,6539,1,2865,0
org/apache/jmeter/protocol/http/control/CookieManager.java,0.0,0.0,0.844262295082,0.176380368098,0.688524590164,1622,0.32,0.141486810552,23,6539,3,10529,1
org/apache/jmeter/protocol/http/control/Header.java,0.0,1.0,0.844262295082,0.176380368098,0.688524590164,1622,1.10256410256,0.438775510204,23,9736,3,10529,1
org/apache/jmeter/protocol/http/control/HeaderManager.java,1.0,1.0,0.574074074074,0.0276073619632,0.148148148148,1622,0.533742331288,0.484098939929,23,7736,1,2865,0
org/apache/jmeter/protocol/http/control/HeaderManager.java,1.0,1.0,0.574074074074,0.0276073619632,0.148148148148,1622,0.533742331288,0.388692579505,23,7736,1,2865,0
org/apache/jmeter/protocol/http/control/HeaderManager.java,0.0,1.0,0.844262295082,0.176380368098,0.688524590164,1622,0.533742331288,0.17667844523,23,7736,3,10529,1
org/apache/jmeter/protocol/http/control/HttpMirrorServer.java,-1.0,-1.0,0.275862068966,0.176380368098,-0.431034482759,1622,0.631578947368,0.825581395349,23,10069,3,5620,1
org/apache/jmeter/protocol/http/control/KerberosManager.java,0.0,0.0,0.741935483871,0.0383435582822,0.483870967742,1622,0.209523809524,0.448979591837,23,4289,3,1057,1
org/apache/jmeter/protocol/http/control/gui/HttpMirrorControlGui.java,-1.0,0.0,0.260869565217,0.176380368098,-0.45652173913,725,0.152777777778,0.52358490566,9,8674,3,5233,1
org/apache/jmeter/protocol/http/control/gui/HttpMirrorControlGui.java,0.0,0.0,0.844262295082,0.176380368098,0.688524590164,725,0.152777777778,0.235849056604,9,8674,3,6024,1
org/apache/jmeter/protocol/http/control/gui/HttpTestSampleGui.java,-1.0,-1.0,0.260869565217,0.176380368098,-0.45652173913,725,0.254807692308,0.312703583062,9,9655,3,5407,1
org/apache/jmeter/protocol/http/control/gui/HttpTestSampleGui.java,-1.0,-1.0,0.260869565217,0.176380368098,-0.45652173913,725,0.254807692308,0.420195439739,9,9655,3,5233,1
org/apache/jmeter/protocol/http/control/gui/SoapSamplerGui.java,1.0,1.0,0.260869565217,0.176380368098,-0.45652173913,725,0.283333333333,0.909604519774,9,9655,3,10315,0
org/apache/jmeter/protocol/http/control/gui/WebServiceSamplerGui.java,1.0,1.0,0.260869565217,0.176380368098,-0.45652173913,725,0.301675977654,0.735849056604,9,13329,3,9994,0
org/apache/jmeter/protocol/http/control/gui/WebServiceSamplerGui.java,1.0,1.0,0.260869565217,0.176380368098,-0.45652173913,725,0.301675977654,0.320754716981,9,13329,3,9994,0
org/apache/jmeter/protocol/http/control/gui/WebServiceSamplerGui.java,1.0,1.0,0.275862068966,0.176380368098,-0.431034482759,725,0.301675977654,0.875471698113,9,13329,3,5233,0
org/apache/jmeter/protocol/http/gui/AuthPanel.java,-1.0,-1.0,0.260869565217,0.176380368098,-0.45652173913,1173,0.201238390093,0.311546840959,11,10273,3,1038,1
org/apache/jmeter/protocol/http/gui/AuthPanel.java,-1.0,-1.0,0.260869565217,0.176380368098,-0.45652173913,1173,0.201238390093,0.257080610022,11,10273,3,1038,1
org/apache/jmeter/protocol/http/gui/CookiePanel.java,-1.0,-1.0,0.260869565217,0.176380368098,-0.45652173913,1173,0.214521452145,0.733021077283,11,13509,3,5233,1
org/apache/jmeter/protocol/http/modifier/AnchorModifier.java,0.0,1.0,0.844262295082,0.176380368098,0.688524590164,556,0.11,0.2194092827,9,13705,3,10529,1
org/apache/jmeter/protocol/http/modifier/ParamMask.java,0.0,1.0,0.844262295082,0.176380368098,0.688524590164,556,1.44318181818,0.145161290323,9,7736,3,10529,0
org/apache/jmeter/protocol/http/modifier/ParamModifier.java,0.0,1.0,0.844262295082,0.176380368098,0.688524590164,556,1.22580645161,0.471337579618,9,10273,3,10529,0
org/apache/jmeter/protocol/http/modifier/RegExUserParameters.java,0.0,1.0,0.844262295082,0.176380368098,0.688524590164,556,0.384615384615,0.272108843537,9,4758,3,1526,1
org/apache/jmeter/protocol/http/modifier/URLRewritingModifier.java,0.0,-1.0,0.844262295082,0.176380368098,0.688524590164,556,0.166666666667,0.163865546218,9,13382,3,10529,1
org/apache/jmeter/protocol/http/modifier/gui/ParamModifierGui.java,1.0,1.0,0.260869565217,0.176380368098,-0.45652173913,311,0.283870967742,0.378600823045,4,10273,3,10315,0
org/apache/jmeter/protocol/http/modifier/gui/URLRewritingModifierGui.java,1.0,1.0,0.260869565217,0.176380368098,-0.45652173913,311,0.369047619048,0.937062937063,4,10273,3,5233,0
org/apache/jmeter/protocol/http/modifier/gui/URLRewritingModifierGui.java,1.0,1.0,0.260869565217,0.176380368098,-0.45652173913,311,0.369047619048,0.734265734266,4,10273,3,5233,0
org/apache/jmeter/protocol/http/parser/HtmlParsingUtils.java,-1.0,-1.0,0.333333333333,0.176380368098,-0.333333333333,873,0.446721311475,0.704081632653,21,12923,3,9691,1
org/apache/jmeter/protocol/http/parser/JsoupBasedHtmlParser.java,-1.0,-1.0,0.5,0.0276073619632,0.0,873,0.396226415094,0.496932515337,21,3963,3,731,1
org/apache/jmeter/protocol/http/parser/URLString.java,-0.5,-1.0,0.5,0.0322085889571,0.0,873,1.06451612903,6.4025974026,21,10273,3,9247,1
org/apache/jmeter/protocol/http/proxy/Daemon.java,-1.0,-1.0,0.275862068966,0.176380368098,-0.431034482759,1824,1.16923076923,0.874213836478,19,8720,3,7042,1
org/apache/jmeter/protocol/http/proxy/HttpRequestHdr.java,-1.0,-0.5,0.574074074074,0.0276073619632,0.148148148148,1824,0.468309859155,0.305676855895,19,8674,1,759,1
org/apache/jmeter/protocol/http/proxy/HttpRequestHdr.java,-1.0,-0.5,0.574074074074,0.0276073619632,0.148148148148,1824,0.468309859155,0.329694323144,19,8674,1,4646,1
org/apache/jmeter/protocol/http/proxy/HttpRequestHdr.java,-1.0,-0.5,0.3,0.00306748466258,-0.4,1824,0.468309859155,0.943231441048,19,8674,2,2548,1
org/apache/jmeter/protocol/http/proxy/HttpRequestHdr.java,1.0,-0.5,0.333333333333,0.0383435582822,-0.333333333333,1824,0.468309859155,0.517467248908,19,8674,2,4607,0
org/apache/jmeter/protocol/http/proxy/Proxy.java,-1.0,-0.333333333333,0.166666666667,0.176380368098,-0.666666666667,1824,0.352245862884,0.694174757282,19,10176,3,4643,1
org/apache/jmeter/protocol/http/proxy/Proxy.java,1.0,-0.333333333333,0.574074074074,0.0276073619632,0.148148148148,1824,0.352245862884,0.734627831715,19,10176,1,5233,0
org/apache/jmeter/protocol/http/proxy/Proxy.java,-0.5,-0.333333333333,0.574074074074,0.0276073619632,0.148148148148,1824,0.352245862884,0.318770226537,19,10176,1,876,1
org/apache/jmeter/protocol/http/proxy/Proxy.java,-0.5,-0.333333333333,0.333333333333,0.176380368098,-0.333333333333,1824,0.352245862884,0.339805825243,19,10176,3,863,1
org/apache/jmeter/protocol/http/proxy/Proxy.java,-0.5,-0.333333333333,0.275862068966,0.176380368098,-0.431034482759,1824,0.352245862884,0.415857605178,19,10176,3,7042,1
org/apache/jmeter/protocol/http/proxy/Proxy.java,-0.5,-0.333333333333,0.666666666667,0.176380368098,0.333333333333,1824,0.352245862884,0.334951456311,19,10176,1,876,0
org/apache/jmeter/protocol/http/proxy/ProxyControl.java,-1.0,-0.166666666667,0.574074074074,0.0276073619632,0.148148148148,1824,0.260950605778,0.416067929458,19,13726,1,42,1
org/apache/jmeter/protocol/http/proxy/ProxyControl.java,-0.5,-0.166666666667,0.5,0.0322085889571,0.0,1824,0.260950605778,0.23350751143,19,13726,3,5233,1
org/apache/jmeter/protocol/http/proxy/ProxyControl.java,1.0,-0.166666666667,0.222222222222,0.176380368098,-0.555555555556,1824,0.260950605778,0.450685826257,19,13726,3,794,0
org/apache/jmeter/protocol/http/proxy/ProxyControl.java,0.0,-0.166666666667,0.275862068966,0.176380368098,-0.431034482759,1824,0.260950605778,0.966688438929,19,13726,3,818,1
org/apache/jmeter/protocol/http/proxy/ProxyControl.java,-1.0,-0.166666666667,0.275862068966,0.176380368098,-0.431034482759,1824,0.260950605778,0.906596995428,19,13726,3,7042,1
org/apache/jmeter/protocol/http/proxy/ProxyControl.java,-1.0,-0.166666666667,0.275862068966,0.176380368098,-0.431034482759,1824,0.260950605778,0.764859568909,19,13726,3,7042,1
org/apache/jmeter/protocol/http/proxy/ProxyControl.java,0.0,-0.166666666667,1.0,0.0322085889571,1.0,1824,0.260950605778,0.97322011757,19,13726,2,818,0
org/apache/jmeter/protocol/http/proxy/ProxyControl.java,-1.0,-0.166666666667,0.3125,0.176380368098,-0.375,1824,0.260950605778,0.360330938384,19,13726,3,806,1
org/apache/jmeter/protocol/http/proxy/ProxyControl.java,0.0,-0.166666666667,0.741935483871,0.0383435582822,0.483870967742,1824,0.260950605778,0.553886348792,19,13726,3,10529,0
org/apache/jmeter/protocol/http/proxy/ProxyControl.java,0.0,-0.166666666667,0.741935483871,0.0383435582822,0.483870967742,1824,0.260950605778,0.573481384716,19,13726,3,10529,0
org/apache/jmeter/protocol/http/proxy/ProxyControl.java,0.0,-0.166666666667,0.741935483871,0.0383435582822,0.483870967742,1824,0.260950605778,0.593729588504,19,13726,3,10529,0
org/apache/jmeter/protocol/http/proxy/SamplerCreatorFactory.java,-1.0,-1.0,0.275862068966,0.176380368098,-0.431034482759,1824,0.532258064516,0.769230769231,19,5780,3,2548,1
org/apache/jmeter/protocol/http/proxy/gui/ProxyControlGui.java,-1.0,0.0,0.260869565217,0.176380368098,-0.45652173913,606,0.168055555556,0.321756894791,1,11909,3,5233,1
org/apache/jmeter/protocol/http/proxy/gui/ProxyControlGui.java,0.0,0.0,0.844262295082,0.176380368098,0.688524590164,606,0.168055555556,0.0868232890705,1,11909,3,10529,1
org/apache/jmeter/protocol/http/sampler/AccessLogSampler.java,0.0,0.0,0.844262295082,0.176380368098,0.688524590164,4342,0.760869565217,0.190476190476,52,13076,3,9844,1
org/apache/jmeter/protocol/http/sampler/AjpSampler.java,-1.0,-1.0,0.574074074074,0.0276073619632,0.148148148148,4342,0.0689655172414,0.555140186916,52,10385,1,4203,1
org/apache/jmeter/protocol/http/sampler/HTTPHC3Impl.java,1.0,1.0,1.0,0.00153374233129,1.0,4342,0.410081743869,0.224048442907,52,7128,2,3896,0
org/apache/jmeter/protocol/http/sampler/HTTPHC3Impl.java,0.0,1.0,0.741935483871,0.0383435582822,0.483870967742,4342,0.410081743869,0.192041522491,52,7128,3,3896,0
org/apache/jmeter/protocol/http/sampler/HTTPHC3Impl.java,0.0,1.0,0.741935483871,0.0383435582822,0.483870967742,4342,0.410081743869,0.199826989619,52,7128,3,3896,0
org/apache/jmeter/protocol/http/sampler/HTTPHC3Impl.java,1.0,1.0,0.574074074074,0.0276073619632,0.148148148148,4342,0.410081743869,0.934256055363,52,7128,1,3896,0
org/apache/jmeter/protocol/http/sampler/HTTPHC4Impl.java,-1.0,0.0,0.275862068966,0.176380368098,-0.431034482759,4342,0.311403508772,0.230538922156,52,7128,3,3896,1
org/apache/jmeter/protocol/http/sampler/HTTPHC4Impl.java,0.0,0.0,0.741935483871,0.0383435582822,0.483870967742,4342,0.311403508772,0.36751497006,52,7128,3,3839,0
org/apache/jmeter/protocol/http/sampler/HTTPHC4Impl.java,0.0,0.0,0.741935483871,0.0383435582822,0.483870967742,4342,0.311403508772,0.487275449102,52,7128,3,3896,1
org/apache/jmeter/protocol/http/sampler/HTTPHC4Impl.java,-1.0,0.0,0.574074074074,0.0276073619632,0.148148148148,4342,0.311403508772,0.710329341317,52,7128,1,3797,1
org/apache/jmeter/protocol/http/sampler/HTTPHCAbstractImpl.java,0.0,1.0,1.0,0.00306748466258,1.0,4342,0.488636363636,0.386503067485,52,7113,2,3881,0
org/apache/jmeter/protocol/http/sampler/HTTPHCAbstractImpl.java,0.0,1.0,1.0,0.00306748466258,1.0,4342,0.488636363636,0.398773006135,52,7113,2,3881,0
org/apache/jmeter/protocol/http/sampler/HTTPSamplerBase.java,-1.0,0.333333333333,0.260869565217,0.176380368098,-0.45652173913,4342,0.401757188498,0.795557799091,52,7863,3,3405,1
org/apache/jmeter/protocol/http/sampler/HTTPSamplerBase.java,1.0,0.333333333333,0.574074074074,0.0276073619632,0.148148148148,4342,0.401757188498,0.454820797577,52,7863,1,8977,0
org/apache/jmeter/protocol/http/sampler/HTTPSamplerBase.java,0.0,0.333333333333,0.741935483871,0.0383435582822,0.483870967742,4342,0.401757188498,0.648157496214,52,7863,3,8977,0
org/apache/jmeter/protocol/http/sampler/PostWriter.java,-1.0,-1.0,0.574074074074,0.0276073619632,0.148148148148,4342,0.572519083969,0.251091703057,52,8465,1,4645,1
org/apache/jmeter/protocol/http/sampler/PostWriter.java,-1.0,-1.0,0.574074074074,0.0276073619632,0.148148148148,4342,0.572519083969,0.244541484716,52,8465,1,4203,1
org/apache/jmeter/protocol/http/sampler/SoapSampler.java,0.5,1.0,0.5,0.0322085889571,0.0,4342,0.223076923077,0.419098143236,52,7545,3,9994,0
org/apache/jmeter/protocol/http/sampler/SoapSampler.java,0.5,1.0,0.5,0.0322085889571,0.0,4342,0.223076923077,0.424403183024,52,7545,3,10529,0
org/apache/jmeter/protocol/http/sampler/SoapSampler.java,0.0,1.0,0.844262295082,0.176380368098,0.688524590164,4342,0.223076923077,0.132625994695,52,7545,3,10529,0
org/apache/jmeter/protocol/http/sampler/SoapSampler.java,0.0,1.0,0.741935483871,0.0383435582822,0.483870967742,4342,0.223076923077,0.46949602122,52,7545,3,10529,0
org/apache/jmeter/protocol/http/sampler/WebServiceSampler.java,0.5,1.0,0.5,0.0322085889571,0.0,4342,0.612244897959,1.0,52,7545,3,10097,0
org/apache/jmeter/protocol/http/sampler/WebServiceSampler.java,1.0,1.0,0.75,0.176380368098,0.5,4342,0.612244897959,0.233333333333,52,7545,2,5233,0
org/apache/jmeter/protocol/http/sampler/WebServiceSampler.java,1.0,1.0,0.275862068966,0.176380368098,-0.431034482759,4342,0.612244897959,0.882269503546,52,7545,3,5233,0
org/apache/jmeter/protocol/http/util/Base64Encoder.java,-1.0,-1.0,0.574074074074,0.0276073619632,0.148148148148,840,0.52,0.493975903614,23,8465,1,4203,1
org/apache/jmeter/protocol/http/util/ConversionUtils.java,-1.0,-1.0,0.266666666667,0.176380368098,-0.466666666667,840,0.564102564103,0.249084249084,23,8703,3,5471,1
org/apache/jmeter/protocol/http/util/HC4TrustAllSSLSocketFactory.java,-1.0,-1.0,0.166666666667,0.176380368098,-0.666666666667,840,0.833333333333,0.91,23,6870,3,2532,1
org/apache/jmeter/protocol/http/util/HTTPArgument.java,0.0,1.0,0.844262295082,0.176380368098,0.688524590164,840,0.624,0.177489177489,23,7545,3,10529,1
org/apache/jmeter/protocol/http/util/HTTPFileArg.java,0.0,-1.0,0.844262295082,0.176380368098,0.688524590164,840,1.32894736842,0.261083743842,23,7545,3,5407,1
org/apache/jmeter/protocol/http/util/HTTPFileArgs.java,0.0,-1.0,0.844262295082,0.176380368098,0.688524590164,840,1.07766990291,0.186440677966,23,8465,3,5407,1
org/apache/jmeter/protocol/http/util/WSDLHelper.java,1.0,1.0,0.275862068966,0.176380368098,-0.431034482759,840,0.671428571429,0.984615384615,23,8465,3,5233,0
org/apache/jmeter/protocol/http/util/WSDLHelper.java,1.0,1.0,0.333333333333,0.176380368098,-0.333333333333,840,0.671428571429,0.761538461538,23,8465,2,4386,0
org/apache/jmeter/protocol/http/util/accesslog/LogFilter.java,-1.0,-1.0,0.1,0.00306748466258,-0.8,574,1.17112299465,0.366292134831,10,7509,2,9846,1
org/apache/jmeter/protocol/http/util/accesslog/LogFilter.java,-1.0,-1.0,0.1,0.00306748466258,-0.8,574,1.17112299465,0.456179775281,10,7509,2,9846,1
org/apache/jmeter/protocol/http/util/accesslog/LogFilter.java,-1.0,-1.0,0.1,0.00306748466258,-0.8,574,1.17112299465,0.332584269663,10,7509,2,9846,1
org/apache/jmeter/protocol/http/util/accesslog/LogFilter.java,-1.0,-1.0,0.1,0.00306748466258,-0.8,574,1.17112299465,0.404494382022,10,7509,2,9846,1
org/apache/jmeter/protocol/http/util/accesslog/SessionFilter.java,-1.0,0.0,0.260869565217,0.176380368098,-0.45652173913,574,0.576923076923,0.676991150442,10,7509,3,8212,1
org/apache/jmeter/protocol/http/util/accesslog/SessionFilter.java,1.0,0.0,0.4,0.0322085889571,-0.2,574,0.576923076923,0.398230088496,10,7509,2,8924,0
org/apache/jmeter/protocol/http/util/accesslog/SessionFilter.java,0.0,0.0,0.666666666667,0.00306748466258,0.333333333333,574,0.576923076923,0.738938053097,10,7509,3,8212,0
org/apache/jmeter/protocol/http/util/accesslog/SessionFilter.java,1.0,0.0,0.666666666667,0.00306748466258,0.333333333333,574,0.576923076923,0.955752212389,10,7509,3,8212,0
org/apache/jmeter/protocol/http/util/accesslog/SessionFilter.java,0.0,0.0,0.109375,0.176380368098,-0.765625,574,0.576923076923,0.796460176991,10,7509,3,4620,1
org/apache/jmeter/protocol/http/util/accesslog/SessionFilter.java,-1.0,0.0,0.109375,0.176380368098,-0.765625,574,0.576923076923,0.362831858407,10,7509,3,5233,1
org/apache/jmeter/protocol/http/util/accesslog/SharedTCLogParser.java,-1.0,-1.0,0.4,0.0322085889571,-0.2,574,0.716666666667,0.368421052632,10,7509,1,5233,1
org/apache/jmeter/protocol/http/util/accesslog/TCLogParser.java,-1.0,-1.0,0.260869565217,0.176380368098,-0.45652173913,574,1.06870229008,0.82905982906,10,4848,3,5233,1
org/apache/jmeter/protocol/http/util/accesslog/TCLogParser.java,-1.0,-1.0,0.333333333333,0.0322085889571,-0.333333333333,574,1.06870229008,0.895726495726,10,4848,3,7042,1
org/apache/jmeter/protocol/http/util/accesslog/TCLogParser.java,-1.0,-1.0,0.574074074074,0.0276073619632,0.148148148148,574,1.06870229008,0.364102564103,10,4848,1,5205,1
org/apache/jmeter/protocol/http/util/accesslog/TCLogParser.java,-1.0,-1.0,0.574074074074,0.0276073619632,0.148148148148,574,1.06870229008,0.369230769231,10,4848,1,5205,1
org/apache/jmeter/protocol/http/util/accesslog/TCLogParser.java,-1.0,-1.0,0.333333333333,0.176380368098,-0.333333333333,574,1.06870229008,0.574358974359,10,4848,2,9846,1
org/apache/jmeter/protocol/http/util/accesslog/TCLogParser.java,0.0,-1.0,0.0,0.176380368098,-1.0,574,1.06870229008,0.179487179487,10,4848,2,9846,1
org/apache/jmeter/protocol/java/config/JavaConfig.java,0.0,-1.0,0.844262295082,0.176380368098,0.688524590164,23,2.48387096774,0.358333333333,1,12415,3,10529,1
org/apache/jmeter/protocol/java/config/gui/JavaConfigGui.java,1.0,0.0,0.260869565217,0.176380368098,-0.45652173913,120,0.541401273885,0.951785714286,1,12415,3,5233,0
org/apache/jmeter/protocol/java/config/gui/JavaConfigGui.java,-1.0,0.0,0.275862068966,0.176380368098,-0.431034482759,120,0.541401273885,0.739285714286,1,12415,3,10292,1
org/apache/jmeter/protocol/java/control/gui/JUnitTestSamplerGui.java,-1.0,-1.0,0.260869565217,0.176380368098,-0.45652173913,404,0.147928994083,0.711670480549,4,11534,3,8302,1
org/apache/jmeter/protocol/java/control/gui/JUnitTestSamplerGui.java,-1.0,-1.0,0.260869565217,0.176380368098,-0.45652173913,404,0.147928994083,0.633867276888,4,11534,3,8302,1
org/apache/jmeter/protocol/java/sampler/JSR223Sampler.java,0.0,1.0,0.844262295082,0.176380368098,0.688524590164,730,0.298507462687,0.422680412371,14,7725,3,4493,1
org/apache/jmeter/protocol/java/sampler/JUnitSampler.java,0.0,-0.714285714286,0.741935483871,0.0383435582822,0.483870967742,730,0.52144469526,0.929752066116,14,11534,3,8302,1
org/apache/jmeter/protocol/java/sampler/JUnitSampler.java,0.0,-0.714285714286,0.741935483871,0.0383435582822,0.483870967742,730,0.52144469526,0.942148760331,14,11534,3,8302,1
org/apache/jmeter/protocol/java/sampler/JavaSampler.java,-1.0,-1.0,0.275862068966,0.176380368098,-0.431034482759,730,0.947368421053,0.678678678679,14,7736,3,7042,1
org/apache/jmeter/protocol/java/sampler/JavaSampler.java,-1.0,-1.0,0.275862068966,0.176380368098,-0.431034482759,730,0.947368421053,0.363363363363,14,7736,3,7042,1
org/apache/jmeter/protocol/jdbc/AbstractJDBCTestElement.java,1.0,0.5,1.0,0.00153374233129,1.0,429,0.260437375746,0.544034090909,3,6448,2,3216,0
org/apache/jmeter/protocol/jdbc/AbstractJDBCTestElement.java,-1.0,0.5,0.0,0.00153374233129,-1.0,429,0.260437375746,0.237215909091,3,6448,3,3216,1
org/apache/jmeter/protocol/jdbc/AbstractJDBCTestElement.java,1.0,0.5,1.0,0.00153374233129,1.0,429,0.260437375746,0.542613636364,3,6448,3,3216,0
org/apache/jmeter/protocol/jdbc/AbstractJDBCTestElement.java,0.0,0.5,0.741935483871,0.0383435582822,0.483870967742,429,0.260437375746,0.515625,3,6448,3,3216,0
org/apache/jmeter/protocol/jdbc/config/DataSourceElement.java,1.0,-0.875,0.266666666667,0.176380368098,-0.466666666667,317,0.405572755418,0.556640625,4,7736,3,5233,0
org/apache/jmeter/protocol/jdbc/sampler/JDBCSampler.java,1.0,1.0,0.574074074074,0.0276073619632,0.148148148148,66,0.391891891892,0.819327731092,2,4847,1,2525,0
org/apache/jmeter/protocol/jms/client/InitialContextFactory.java,1.0,1.0,0.333333333333,0.0322085889571,-0.333333333333,256,0.663043478261,0.487804878049,4,11942,3,8710,0
org/apache/jmeter/protocol/jms/control/gui/JMSPropertiesPanel.java,-1.0,-1.0,0.260869565217,0.176380368098,-0.45652173913,748,0.295652173913,0.265536723164,6,3820,3,588,1
org/apache/jmeter/protocol/jms/control/gui/JMSPublisherGui.java,-1.0,-1.0,0.260869565217,0.176380368098,-0.45652173913,748,0.325490196078,0.682051282051,6,11942,3,5233,1
org/apache/jmeter/protocol/jms/control/gui/JMSPublisherGui.java,-1.0,-1.0,0.260869565217,0.176380368098,-0.45652173913,748,0.325490196078,0.4,6,11942,3,5233,1
org/apache/jmeter/protocol/jms/control/gui/JMSSubscriberGui.java,-1.0,-1.0,0.260869565217,0.176380368098,-0.45652173913,748,0.227272727273,0.748251748252,6,11942,3,5233,1
org/apache/jmeter/protocol/jms/control/gui/JMSSubscriberGui.java,-1.0,-1.0,0.260869565217,0.176380368098,-0.45652173913,748,0.227272727273,0.503496503497,6,11942,3,5233,1
org/apache/jmeter/protocol/jms/sampler/JMSProperties.java,0.0,1.0,0.844262295082,0.176380368098,0.688524590164,1232,1.16346153846,0.193548387097,12,3820,3,588,1
org/apache/jmeter/protocol/jms/sampler/JMSProperty.java,0.0,1.0,0.844262295082,0.176380368098,0.688524590164,1232,1.19117647059,0.27485380117,12,3820,3,588,1
org/apache/jmeter/protocol/jms/sampler/JMSSampler.java,-0.5,-0.25,0.5,0.0322085889571,0.0,1232,0.173366834171,0.840425531915,12,11942,3,3279,1
org/apache/jmeter/protocol/jms/sampler/JMSSampler.java,0.5,-0.25,0.5,0.0322085889571,0.0,1232,0.173366834171,0.862588652482,12,11942,3,8710,0
org/apache/jmeter/protocol/jms/sampler/JMSSampler.java,1.0,-0.25,0.275862068966,0.176380368098,-0.431034482759,1232,0.173366834171,0.310283687943,12,11942,3,8710,0
org/apache/jmeter/protocol/jms/sampler/JMSSampler.java,1.0,-0.25,0.275862068966,0.176380368098,-0.431034482759,1232,0.173366834171,0.689716312057,12,11942,3,8710,0
org/apache/jmeter/protocol/jms/sampler/PublisherSampler.java,1.0,1.0,0.333333333333,0.176380368098,-0.333333333333,1232,0.521472392638,0.667863554758,12,7863,3,2417,0
org/apache/jmeter/protocol/jms/sampler/PublisherSampler.java,1.0,1.0,0.333333333333,0.176380368098,-0.333333333333,1232,0.521472392638,0.707360861759,12,7863,3,2417,0
org/apache/jmeter/protocol/jms/sampler/PublisherSampler.java,1.0,1.0,0.275862068966,0.176380368098,-0.431034482759,1232,0.521472392638,0.373429084381,12,7863,2,8710,0
org/apache/jmeter/protocol/jms/sampler/SubscriberSampler.java,1.0,1.0,0.574074074074,0.0276073619632,0.148148148148,1232,0.37962962963,0.385685884692,12,7863,1,3983,0
org/apache/jmeter/protocol/ldap/config/gui/LDAPArgument.java,0.0,-1.0,0.844262295082,0.176380368098,0.688524590164,1000,1.98,0.350877192982,5,7863,3,8773,1
org/apache/jmeter/protocol/ldap/config/gui/LDAPArguments.java,0.0,1.0,0.844262295082,0.176380368098,0.688524590164,1000,1.08035714286,0.193798449612,5,7545,3,8773,1
org/apache/jmeter/protocol/ldap/control/gui/LdapExtTestSamplerGui.java,1.0,1.0,0.260869565217,0.176380368098,-0.45652173913,82,0.959183673469,0.738738738739,2,12005,3,5233,0
org/apache/jmeter/protocol/ldap/control/gui/LdapTestSamplerGui.java,1.0,1.0,0.260869565217,0.176380368098,-0.45652173913,82,0.593220338983,0.692660550459,2,12309,3,5233,0
org/apache/jmeter/protocol/ldap/sampler/LDAPExtSampler.java,-1.0,0.333333333333,0.222222222222,0.176380368098,-0.555555555556,832,0.410635155096,0.510909090909,6,12005,3,8773,1
org/apache/jmeter/protocol/ldap/sampler/LDAPExtSampler.java,0.0,0.333333333333,0.741935483871,0.0383435582822,0.483870967742,832,0.410635155096,0.881818181818,6,12005,3,8773,0
org/apache/jmeter/protocol/ldap/sampler/LDAPExtSampler.java,0.0,0.333333333333,0.741935483871,0.0383435582822,0.483870967742,832,0.410635155096,0.894545454545,6,12005,3,8773,1
org/apache/jmeter/protocol/mail/sampler/gui/MailReaderSamplerGui.java,-1.0,-1.0,0.260869565217,0.176380368098,-0.45652173913,205,0.129166666667,0.364179104478,3,7509,3,5233,1
org/apache/jmeter/protocol/mail/sampler/gui/MailReaderSamplerGui.java,-1.0,-1.0,0.260869565217,0.176380368098,-0.45652173913,205,0.129166666667,0.480597014925,3,7509,3,5233,1
org/apache/jmeter/protocol/mongodb/sampler/MongoScriptSampler.java,-1.0,-1.0,0.574074074074,0.0276073619632,0.148148148148,127,0.229166666667,0.572916666667,3,3629,1,1394,1
org/apache/jmeter/protocol/smtp/sampler/SmtpSampler.java,0.333333333333,0.333333333333,0.574074074074,0.0276073619632,0.148148148148,246,0.204778156997,0.731829573935,1,7298,1,3983,0
org/apache/jmeter/protocol/smtp/sampler/SmtpSampler.java,0.333333333333,0.333333333333,0.574074074074,0.0276073619632,0.148148148148,246,0.204778156997,0.741854636591,1,7298,1,4066,0
org/apache/jmeter/protocol/smtp/sampler/SmtpSampler.java,0.333333333333,0.333333333333,0.275862068966,0.176380368098,-0.431034482759,246,0.204778156997,0.528822055138,1,7298,2,2523,1
org/apache/jmeter/protocol/smtp/sampler/gui/SmtpPanel.java,0.5,0.0,0.5,0.0322085889571,0.0,880,0.407303370787,0.452830188679,18,7298,3,4066,0
org/apache/jmeter/protocol/smtp/sampler/gui/SmtpPanel.java,1.0,0.0,0.266666666667,0.176380368098,-0.466666666667,880,0.407303370787,0.828473413379,18,7298,3,4066,0
org/apache/jmeter/protocol/smtp/sampler/gui/SmtpPanel.java,-1.0,0.0,0.333333333333,0.0383435582822,-0.333333333333,880,0.407303370787,0.921097770154,18,7298,2,4010,1
org/apache/jmeter/protocol/smtp/sampler/gui/SmtpPanel.java,-1.0,0.0,0.333333333333,0.0383435582822,-0.333333333333,880,0.407303370787,0.432246998285,18,7298,2,4010,1
org/apache/jmeter/protocol/smtp/sampler/protocol/LocalTrustStoreSSLSocketFactory.java,-1.0,-1.0,0.275862068966,0.176380368098,-0.431034482759,415,0.578947368421,0.455882352941,5,7275,3,4043,1
org/apache/jmeter/protocol/smtp/sampler/protocol/SendMailCommand.java,-1.0,-0.6,0.109375,0.176380368098,-0.765625,415,0.903394255875,0.911835748792,5,3345,3,499,1
org/apache/jmeter/protocol/smtp/sampler/protocol/SendMailCommand.java,-1.0,-0.6,0.109375,0.176380368098,-0.765625,415,0.903394255875,0.231884057971,5,3345,3,3992,1
org/apache/jmeter/protocol/smtp/sampler/protocol/SendMailCommand.java,1.0,-0.6,0.109375,0.176380368098,-0.765625,415,0.903394255875,0.32729468599,5,3345,3,4066,0
org/apache/jmeter/protocol/smtp/sampler/protocol/SendMailCommand.java,-1.0,-0.6,0.109375,0.176380368098,-0.765625,415,0.903394255875,0.8538647343,5,3345,3,4054,1
org/apache/jmeter/protocol/smtp/sampler/protocol/SendMailCommand.java,-1.0,-0.6,0.109375,0.176380368098,-0.765625,415,0.903394255875,0.886473429952,5,3345,3,499,1
org/apache/jmeter/protocol/smtp/sampler/protocol/SynchronousTransportListener.java,-1.0,-1.0,0.666666666667,0.00306748466258,0.333333333333,415,1.1,0.959183673469,5,7298,3,3821,1
org/apache/jmeter/protocol/smtp/sampler/protocol/TrustAllSSLSocketFactory.java,-1.0,-1.0,0.275862068966,0.176380368098,-0.431034482759,415,0.6625,0.44966442953,5,7298,3,4066,1
org/apache/jmeter/protocol/smtp/sampler/protocol/TrustAllSSLSocketFactory.java,0.0,-1.0,0.741935483871,0.0383435582822,0.483870967742,415,0.6625,0.342281879195,5,7298,3,4066,1
org/apache/jmeter/protocol/system/SystemSampler.java,-1.0,-1.0,0.574074074074,0.0276073619632,0.148148148148,152,0.47311827957,0.565749235474,2,3629,1,915,1
org/apache/jmeter/protocol/system/gui/SystemSamplerGui.java,-1.0,-1.0,0.260869565217,0.176380368098,-0.45652173913,159,0.254901960784,0.517730496454,1,5679,3,2413,1
org/apache/jmeter/protocol/system/gui/SystemSamplerGui.java,-1.0,-1.0,0.260869565217,0.176380368098,-0.45652173913,159,0.254901960784,0.40780141844,1,5679,3,2413,1
org/apache/jmeter/protocol/tcp/sampler/TCPClientImpl.java,-1.0,-1.0,0.574074074074,0.0276073619632,0.148148148148,548,0.548780487805,0.855072463768,9,4597,1,5233,1
org/apache/jmeter/protocol/tcp/sampler/TCPSampler.java,-1.0,-1.0,0.275862068966,0.176380368098,-0.431034482759,548,0.167053364269,0.623711340206,9,4597,3,7042,1
org/apache/jmeter/report/gui/BarChartGui.java,1.0,1.0,0.260869565217,0.176380368098,-0.45652173913,416,0.147826086957,0.941935483871,5,11338,3,8128,0
org/apache/jmeter/report/gui/BarChartGui.java,1.0,1.0,0.260869565217,0.176380368098,-0.45652173913,416,0.147826086957,0.864516129032,5,11338,3,8128,0
org/apache/jmeter/report/gui/LineGraphGui.java,1.0,1.0,0.260869565217,0.176380368098,-0.45652173913,416,0.149122807018,0.948051948052,5,11360,3,7855,0
org/apache/jmeter/report/gui/LineGraphGui.java,1.0,1.0,0.260869565217,0.176380368098,-0.45652173913,416,0.149122807018,0.87012987013,5,11360,3,7855,0
org/apache/jmeter/report/gui/ReportPageGui.java,1.0,1.0,0.260869565217,0.176380368098,-0.45652173913,416,0.29,0.945945945946,5,11398,3,8162,0
org/apache/jmeter/report/gui/ReportPageGui.java,1.0,1.0,0.260869565217,0.176380368098,-0.45652173913,416,0.29,0.864864864865,5,11398,3,8162,0
org/apache/jmeter/report/gui/TableGui.java,1.0,1.0,0.260869565217,0.176380368098,-0.45652173913,416,0.173913043478,0.894736842105,5,11389,3,8128,0
org/apache/jmeter/report/gui/TableGui.java,1.0,1.0,0.260869565217,0.176380368098,-0.45652173913,416,0.173913043478,0.796052631579,5,11389,3,8128,0
org/apache/jmeter/report/gui/action/ReportActionRouter.java,1.0,1.0,1.0,0.00306748466258,1.0,929,0.325688073394,0.979365079365,21,11271,2,5233,0
org/apache/jmeter/report/gui/action/ReportCheckDirty.java,1.0,1.0,0.3125,0.176380368098,-0.375,929,0.384615384615,0.448484848485,21,11446,1,4613,0
org/apache/jmeter/report/gui/action/ReportCopy.java,1.0,1.0,0.222222222222,0.176380368098,-0.555555555556,929,0.25641025641,0.552631578947,21,11378,3,7042,0
org/apache/jmeter/report/gui/action/ReportExitCommand.java,1.0,1.0,0.857142857143,0.0322085889571,0.714285714286,929,0.632653061224,0.914814814815,21,4680,2,5233,0
org/apache/jmeter/report/gui/action/ReportHelp.java,1.0,1.0,0.3125,0.176380368098,-0.375,929,0.316455696203,0.682926829268,21,11419,2,5233,0
org/apache/jmeter/report/gui/action/ReportHelp.java,1.0,1.0,0.3125,0.176380368098,-0.375,929,0.316455696203,0.869918699187,21,11419,3,5233,0
org/apache/jmeter/report/gui/action/ReportSave.java,1.0,1.0,0.333333333333,0.0322085889571,-0.333333333333,929,0.314606741573,0.812030075188,21,11446,3,5233,0
org/apache/jmeter/report/gui/tree/ReportTreeListener.java,1.0,1.0,0.3,0.00306748466258,-0.4,343,0.302752293578,0.605504587156,4,8465,2,5233,0
org/apache/jmeter/report/gui/tree/ReportTreeListener.java,1.0,1.0,0.109375,0.176380368098,-0.765625,343,0.302752293578,0.498470948012,4,8465,3,5233,0
org/apache/jmeter/report/gui/tree/ReportTreeListener.java,1.0,1.0,0.109375,0.176380368098,-0.765625,343,0.302752293578,0.68501529052,4,8465,3,5233,0
org/apache/jmeter/report/gui/tree/ReportTreeListener.java,1.0,1.0,0.109375,0.176380368098,-0.765625,343,0.302752293578,0.434250764526,4,8465,3,5233,0
org/apache/jmeter/report/gui/tree/ReportTreeListener.java,1.0,1.0,0.109375,0.176380368098,-0.765625,343,0.302752293578,0.758409785933,4,8465,3,5233,0
org/apache/jmeter/report/writers/DefaultPageSummary.java,0.5,1.0,0.5,0.0322085889571,0.0,114,0.909090909091,0.7625,7,10175,3,8201,0
org/apache/jmeter/report/writers/DefaultPageSummary.java,0.5,1.0,0.5,0.0322085889571,0.0,114,0.909090909091,0.808333333333,7,10175,3,8201,0
org/apache/jmeter/report/writers/gui/HTMLReportWriterGui.java,1.0,1.0,0.260869565217,0.176380368098,-0.45652173913,47,0.426229508197,0.970873786408,1,4681,3,5233,0
org/apache/jmeter/report/writers/gui/HTMLReportWriterGui.java,1.0,1.0,0.260869565217,0.176380368098,-0.45652173913,47,0.426229508197,0.902912621359,1,4681,3,5233,0
org/apache/jmeter/reporters/FileReporter.java,1.0,1.0,0.574074074074,0.0276073619632,0.148148148148,1221,0.34765625,0.183622828784,21,7546,1,10338,0
org/apache/jmeter/reporters/FileReporter.java,1.0,1.0,1.0,0.0383435582822,1.0,1221,0.34765625,0.906947890819,21,7546,1,3832,0
org/apache/jmeter/reporters/MailerModel.java,0.0,-0.333333333333,0.142857142857,0.00306748466258,-0.714285714286,1221,0.435215946844,0.540642722117,21,10273,3,10165,1
org/apache/jmeter/reporters/MailerModel.java,0.0,-0.333333333333,0.142857142857,0.00306748466258,-0.714285714286,1221,0.435215946844,0.5138626339,21,10273,3,10165,1
org/apache/jmeter/reporters/MailerModel.java,-1.0,-0.333333333333,0.275862068966,0.176380368098,-0.431034482759,1221,0.435215946844,0.431001890359,21,10273,3,7042,1
org/apache/jmeter/reporters/MailerModel.java,0.0,-0.333333333333,0.844262295082,0.176380368098,0.688524590164,1221,0.435215946844,0.111531190926,21,10273,3,10165,1
org/apache/jmeter/reporters/MailerModel.java,0.0,-0.333333333333,0.741935483871,0.0383435582822,0.483870967742,1221,0.435215946844,0.69943289225,21,10273,3,4629,1
org/apache/jmeter/reporters/MailerResultCollector.java,0.0,-1.0,0.844262295082,0.176380368098,0.688524590164,1221,0.76,0.611111111111,21,11540,3,10529,1
org/apache/jmeter/reporters/ResultAction.java,0.0,1.0,0.844262295082,0.176380368098,0.688524590164,1221,1.075,0.404255319149,21,8465,3,9569,1
org/apache/jmeter/reporters/ResultCollector.java,1.0,-0.2,0.574074074074,0.0276073619632,0.148148148148,1221,0.368191721133,0.53791130186,21,7485,1,2098,0
org/apache/jmeter/reporters/ResultCollector.java,0.0,-0.2,0.844262295082,0.176380368098,0.688524590164,1221,0.368191721133,0.0972818311874,21,7485,3,10529,1
org/apache/jmeter/reporters/ResultCollector.java,-1.0,-0.2,0.3125,0.176380368098,-0.375,1221,0.368191721133,0.430615164521,21,7485,3,5110,1
org/apache/jmeter/reporters/ResultCollector.java,-1.0,-0.2,0.3125,0.176380368098,-0.375,1221,0.368191721133,0.467811158798,21,7485,3,5110,1
org/apache/jmeter/reporters/ResultCollector.java,-1.0,-0.2,0.3125,0.176380368098,-0.375,1221,0.368191721133,0.463519313305,21,7485,3,1296,1
org/apache/jmeter/reporters/ResultSaver.java,0.0,0.0,0.844262295082,0.176380368098,0.688524590164,1221,0.470238095238,0.170731707317,21,4849,3,9704,1
org/apache/jmeter/reporters/ResultSaver.java,-0.333333333333,0.0,0.3125,0.176380368098,-0.375,1221,0.470238095238,0.445993031359,21,4849,3,3091,1
org/apache/jmeter/reporters/ResultSaver.java,-0.333333333333,0.0,0.3125,0.176380368098,-0.375,1221,0.470238095238,0.421602787456,21,4849,3,5233,0
org/apache/jmeter/reporters/ResultSaver.java,-0.333333333333,0.0,0.3125,0.176380368098,-0.375,1221,0.470238095238,0.435540069686,21,4849,3,3091,1
org/apache/jmeter/reporters/Summariser.java,0.0,-0.6,0.844262295082,0.176380368098,0.688524590164,1221,0.641860465116,0.181818181818,21,3629,3,9759,1
org/apache/jmeter/reporters/Summariser.java,-1.0,-0.6,0.3125,0.176380368098,-0.375,1221,0.641860465116,0.318181818182,21,3629,3,49,1
org/apache/jmeter/reporters/Summariser.java,-1.0,-0.6,0.3125,0.176380368098,-0.375,1221,0.641860465116,0.911616161616,21,3629,3,49,1
org/apache/jmeter/reporters/Summariser.java,-1.0,-0.6,0.3125,0.176380368098,-0.375,1221,0.641860465116,0.876262626263,21,3629,3,49,1
org/apache/jmeter/reporters/gui/ResultActionGui.java,-1.0,-1.0,0.260869565217,0.176380368098,-0.45652173913,164,0.76,0.582524271845,3,9761,3,5233,1
org/apache/jmeter/reporters/gui/ResultActionGui.java,-1.0,-1.0,0.260869565217,0.176380368098,-0.45652173913,164,0.76,0.78640776699,3,9761,3,9569,1
org/apache/jmeter/sampler/DebugSampler.java,0.0,1.0,0.741935483871,0.0383435582822,0.483870967742,191,0.242424242424,0.659722222222,4,9281,3,5236,0
org/apache/jmeter/sampler/gui/TestActionGui.java,-1.0,-1.0,0.260869565217,0.176380368098,-0.45652173913,145,0.202247191011,0.380392156863,6,11540,3,5236,1
org/apache/jmeter/sampler/gui/TestActionGui.java,-1.0,-1.0,0.260869565217,0.176380368098,-0.45652173913,145,0.202247191011,0.537254901961,6,11540,3,5236,1
org/apache/jmeter/samplers/DiskStoreSampleSender.java,1.0,1.0,1.0,0.0322085889571,1.0,1728,0.244094488189,0.906976744186,33,6158,3,2926,0
org/apache/jmeter/samplers/DiskStoreSampleSender.java,1.0,1.0,1.0,0.0322085889571,1.0,1728,0.244094488189,0.761627906977,33,6158,3,2926,0
org/apache/jmeter/samplers/DiskStoreSampleSender.java,1.0,1.0,1.0,0.0322085889571,1.0,1728,0.244094488189,0.424418604651,33,6158,3,2926,0
org/apache/jmeter/samplers/RemoteListenerWrapper.java,0.0,1.0,0.844262295082,0.176380368098,0.688524590164,1728,0.380952380952,0.291044776119,33,3629,3,10529,1
org/apache/jmeter/samplers/RemoteSampleListenerWrapper.java,0.0,1.0,0.844262295082,0.176380368098,0.688524590164,1728,0.47619047619,0.472972972973,33,3629,3,10529,1
org/apache/jmeter/samplers/RemoteTestListenerWrapper.java,0.0,1.0,0.844262295082,0.176380368098,0.688524590164,1728,0.392156862745,0.388235294118,33,8465,3,10529,1
org/apache/jmeter/samplers/SampleResult.java,1.0,0.2,0.574074074074,0.0276073619632,0.148148148148,1728,0.778603268945,0.524909747292,33,11856,1,2815,0
org/apache/jmeter/samplers/SampleResult.java,1.0,0.2,0.574074074074,0.0276073619632,0.148148148148,1728,0.778603268945,0.487364620939,33,11856,1,3985,0
org/apache/jmeter/samplers/SampleResult.java,1.0,0.2,0.574074074074,0.0276073619632,0.148148148148,1728,0.778603268945,0.501805054152,33,11856,1,3985,0
org/apache/jmeter/samplers/SampleResult.java,-1.0,0.2,0.3,0.00306748466258,-0.4,1728,0.778603268945,0.513357400722,33,11856,2,10038,1
org/apache/jmeter/samplers/SampleResult.java,-0.5,0.2,0.5,0.0322085889571,0.0,1728,0.778603268945,0.219133574007,33,11856,3,10038,1
org/apache/jmeter/samplers/SampleSaveConfiguration.java,1.0,1.0,1.0,0.0322085889571,1.0,1728,0.322645290581,0.622327790974,33,11981,3,6496,0
org/apache/jmeter/samplers/SampleSenderFactory.java,-1.0,-1.0,0.275862068966,0.176380368098,-0.431034482759,1728,0.451612903226,0.9,33,8465,3,7042,1
org/apache/jmeter/samplers/StatisticalSampleResult.java,0.0,1.0,0.844262295082,0.176380368098,0.688524590164,1728,0.838235294118,0.256756756757,33,10182,3,7980,1
org/apache/jmeter/save/CSVSaveService.java,-1.0,-1.0,0.222222222222,0.176380368098,-0.555555555556,1233,0.3465085639,0.549956178791,14,9109,3,5233,1
org/apache/jmeter/save/CSVSaveService.java,-1.0,-1.0,0.266666666667,0.176380368098,-0.466666666667,1233,0.3465085639,0.146362839614,14,9109,3,5722,1
org/apache/jmeter/save/SaveService.java,-1.0,-0.6,0.574074074074,0.0276073619632,0.148148148148,1233,0.485933503836,0.865625,14,9796,1,5233,1
org/apache/jmeter/save/SaveService.java,-1.0,-0.6,0.574074074074,0.0276073619632,0.148148148148,1233,0.485933503836,0.884375,14,9796,1,5233,1
org/apache/jmeter/save/SaveService.java,-1.0,-0.6,0.266666666667,0.176380368098,-0.466666666667,1233,0.485933503836,0.1609375,14,9796,2,6175,1
org/apache/jmeter/save/SaveService.java,-1.0,-0.6,0.266666666667,0.176380368098,-0.466666666667,1233,0.485933503836,0.140625,14,9796,3,2689,1
org/apache/jmeter/save/SaveService.java,0.0,-0.6,0.741935483871,0.0383435582822,0.483870967742,1233,0.485933503836,0.1328125,14,9796,3,10529,1
org/apache/jmeter/save/ScriptWrapperConverter.java,-1.0,-1.0,0.266666666667,0.176380368098,-0.466666666667,1233,0.487179487179,0.829457364341,14,11981,3,5370,1
org/apache/jmeter/save/converters/TestElementConverter.java,-1.0,-1.0,0.333333333333,0.176380368098,-0.333333333333,788,0.390804597701,0.717557251908,14,7860,3,2775,1
org/apache/jmeter/services/FileServer.java,-1.0,-1.0,0.574074074074,0.0276073619632,0.148148148148,240,0.631067961165,0.742230347349,2,11952,1,5233,1
org/apache/jmeter/services/FileServer.java,-1.0,-1.0,0.574074074074,0.0276073619632,0.148148148148,240,0.631067961165,0.795246800731,2,11952,1,5233,1
org/apache/jmeter/services/FileServer.java,-0.5,-1.0,0.5,0.0322085889571,0.0,240,0.631067961165,0.239488117002,2,11952,3,8720,1
org/apache/jmeter/services/FileServer.java,-1.0,-1.0,0.75,0.176380368098,0.5,240,0.631067961165,0.902193784278,2,11952,2,5233,1
org/apache/jmeter/testbeans/gui/BooleanPropertyEditor.java,-1.0,-1.0,0.3,0.00306748466258,-0.4,1428,0.69696969697,0.969696969697,29,6287,2,3034,1
org/apache/jmeter/testbeans/gui/TableEditor.java,1.0,1.0,0.275862068966,0.176380368098,-0.431034482759,1428,0.155737704918,0.738019169329,29,11409,3,4509,0
org/apache/jmeter/testbeans/gui/TestBeanGUI.java,0.0,1.0,0.844262295082,0.176380368098,0.688524590164,1428,0.380116959064,0.180076628352,29,7546,3,9404,1
org/apache/jmeter/testbeans/gui/TextAreaEditor.java,-1.0,-1.0,0.5,0.0276073619632,0.0,1428,0.506024096386,0.972222222222,29,5504,3,1240,1
org/apache/jmeter/testbeans/gui/WrapperEditor.java,-1.0,-1.0,0.266666666667,0.176380368098,-0.466666666667,1428,0.511450381679,0.313465783664,29,12636,3,5233,1
org/apache/jmeter/testelement/AbstractChart.java,0.0,1.0,1.0,0.00306748466258,1.0,1103,0.832,0.209302325581,23,11389,1,7838,0
org/apache/jmeter/testelement/AbstractTable.java,0.0,1.0,1.0,0.00306748466258,1.0,1103,0.273684210526,0.311258278146,23,8149,1,8120,0
org/apache/jmeter/testelement/AbstractTable.java,0.0,1.0,1.0,0.00306748466258,1.0,1103,0.273684210526,0.364238410596,23,8149,1,7964,0
org/apache/jmeter/testelement/JTLData.java,1.0,0.0,0.166666666667,0.176380368098,-0.666666666667,1103,0.547445255474,0.310638297872,23,11198,3,4606,0
org/apache/jmeter/testelement/ReportPage.java,0.0,1.0,0.844262295082,0.176380368098,0.688524590164,1103,0.5,0.44,23,11412,3,8166,0
org/apache/jmeter/testelement/ReportPlan.java,0.0,1.0,0.844262295082,0.176380368098,0.688524590164,1103,0.623931623932,0.181415929204,23,7480,3,8146,0
org/apache/jmeter/testelement/TestPlan.java,0.0,0.0,0.844262295082,0.176380368098,0.688524590164,1103,0.474025974026,0.150183150183,23,13761,3,10529,1
org/apache/jmeter/testelement/TestPlan.java,-1.0,0.0,0.3125,0.176380368098,-0.375,1103,0.474025974026,0.490842490842,23,13761,1,8511,1
org/apache/jmeter/threads/JMeterVariables.java,0.0,0.0,0.357142857143,0.0322085889571,0.0714285714286,1397,0.857142857143,0.23178807947,26,3629,1,10529,1
org/apache/jmeter/testelement/property/AbstractProperty.java,-1.0,-1.0,0.275862068966,0.176380368098,-0.431034482759,847,0.364620938628,0.644927536232,18,8720,3,7042,1
org/apache/jmeter/testelement/property/AbstractProperty.java,-1.0,-1.0,0.275862068966,0.176380368098,-0.431034482759,847,0.364620938628,0.753623188406,18,8720,3,3292,1
org/apache/jmeter/testelement/property/AbstractProperty.java,-1.0,-1.0,0.275862068966,0.176380368098,-0.431034482759,847,0.364620938628,0.835748792271,18,8720,3,3292,1
org/apache/jmeter/testelement/property/CollectionProperty.java,-1.0,-1.0,0.0,0.176380368098,-1.0,847,0.36231884058,0.37899543379,18,12416,3,4578,1
org/apache/jmeter/testelement/property/CollectionProperty.java,-1.0,-1.0,0.0,0.176380368098,-1.0,847,0.36231884058,0.41095890411,18,12416,3,4578,1
org/apache/jmeter/testelement/property/CollectionProperty.java,-1.0,-1.0,0.0,0.176380368098,-1.0,847,0.36231884058,0.324200913242,18,12416,3,4578,1
org/apache/jmeter/testelement/property/CollectionProperty.java,-1.0,-1.0,0.0,0.176380368098,-1.0,847,0.36231884058,0.351598173516,18,12416,3,4578,1
org/apache/jmeter/testelement/property/CollectionProperty.java,-1.0,-1.0,0.275862068966,0.176380368098,-0.431034482759,847,0.36231884058,0.694063926941,18,12416,3,7042,1
org/apache/jmeter/testelement/property/MapProperty.java,-1.0,-1.0,0.275862068966,0.176380368098,-0.431034482759,847,0.279661016949,0.71186440678,18,13509,3,7042,1
org/apache/jmeter/threads/AbstractThreadGroup.java,0.0,0.0,0.844262295082,0.176380368098,0.688524590164,1397,0.904347826087,0.164122137405,26,7480,3,4248,1
org/apache/jmeter/threads/RemoteThreadsListenerImpl.java,-1.0,-1.0,0.275862068966,0.176380368098,-0.431034482759,1397,0.528571428571,0.660869565217,26,4093,3,858,1
org/apache/jmeter/threads/RemoteThreadsListenerWrapper.java,0.0,1.0,0.844262295082,0.176380368098,0.688524590164,1397,0.6,0.545454545455,26,4093,3,861,1
org/apache/jmeter/threads/SamplePackage.java,-1.0,-1.0,0.109375,0.176380368098,-0.765625,1397,0.8,0.552173913043,26,3629,3,10277,1
org/apache/jmeter/threads/SamplePackage.java,-1.0,-1.0,0.109375,0.176380368098,-0.765625,1397,0.8,0.417391304348,26,3629,3,10277,1
org/apache/jmeter/threads/JMeterThread.java,0.0,0.0,0.357142857143,0.0322085889571,0.0714285714286,1397,0.305642633229,0.0724324324324,26,7485,1,10529,1
org/apache/jmeter/threads/ThreadGroup.java,-1.0,-1.0,0.109375,0.176380368098,-0.765625,1397,0.53550295858,0.711571675302,26,13509,3,2207,1
org/apache/jmeter/threads/ThreadGroup.java,-1.0,-1.0,0.109375,0.176380368098,-0.765625,1397,0.53550295858,0.663212435233,26,13509,3,2207,1
org/apache/jmeter/threads/gui/AbstractThreadGroupGui.java,-1.0,-1.0,0.260869565217,0.176380368098,-0.45652173913,303,0.142857142857,0.951086956522,4,7480,3,4248,1
org/apache/jmeter/threads/gui/PostThreadGroupGui.java,0.0,-1.0,0.844262295082,0.176380368098,0.688524590164,303,0.85,0.666666666667,4,7032,3,3800,1
org/apache/jmeter/threads/gui/SetupThreadGroupGui.java,0.0,-1.0,0.844262295082,0.176380368098,0.688524590164,303,0.85,0.666666666667,4,7032,3,3800,1
org/apache/jmeter/timers/BSFTimer.java,0.0,1.0,0.844262295082,0.176380368098,0.688524590164,456,0.529411764706,0.491228070175,20,7726,3,4494,1
org/apache/jmeter/timers/BeanShellTimer.java,0.0,1.0,0.844262295082,0.176380368098,0.688524590164,456,0.567567567568,0.430769230769,20,10833,3,7601,1
org/apache/jmeter/timers/ConstantTimer.java,0.0,-1.0,0.844262295082,0.176380368098,0.688524590164,456,1.66666666667,0.348214285714,20,8468,3,10529,1
org/apache/jmeter/timers/GaussianRandomTimer.java,0.0,1.0,0.844262295082,0.176380368098,0.688524590164,456,1.64285714286,0.720930232558,20,8468,3,10529,1
org/apache/jmeter/timers/JSR223Timer.java,0.0,1.0,0.844262295082,0.176380368098,0.688524590164,456,0.5625,0.543859649123,20,7725,3,4493,1
org/apache/jmeter/timers/PoissonRandomTimer.java,0.0,1.0,0.844262295082,0.176380368098,0.688524590164,456,0.172839506173,0.0794871794872,20,4601,3,2849,1
org/apache/jmeter/timers/RandomTimer.java,0.0,1.0,0.844262295082,0.176380368098,0.688524590164,456,1.41666666667,0.623188405797,20,7861,3,10529,1
org/apache/jmeter/timers/SyncTimer.java,0.0,1.0,0.844262295082,0.176380368098,0.688524590164,456,0.837037037037,0.146428571429,20,7861,3,8579,1
org/apache/jmeter/timers/UniformRandomTimer.java,0.0,1.0,0.844262295082,0.176380368098,0.688524590164,456,1.64285714286,0.704545454545,20,7861,3,10529,1
org/apache/jmeter/timers/gui/AbstractRandomTimerGui.java,-1.0,-1.0,0.260869565217,0.176380368098,-0.45652173913,195,0.895348837209,0.489743589744,6,6081,3,2849,1
org/apache/jmeter/timers/gui/ConstantTimerGui.java,-1.0,-1.0,0.260869565217,0.176380368098,-0.45652173913,195,0.933333333333,0.768656716418,6,7861,3,9999,1
org/apache/jmeter/timers/gui/ConstantTimerGui.java,-1.0,-1.0,0.260869565217,0.176380368098,-0.45652173913,195,0.933333333333,0.686567164179,6,7861,3,9999,1
org/apache/jmeter/util/BSFTestElement.java,0.0,1.0,0.844262295082,0.176380368098,0.688524590164,2593,0.21,0.330882352941,48,7485,3,5376,1
org/apache/jmeter/util/BeanShellClient.java,1.0,0.0,0.574074074074,0.0276073619632,0.148148148148,2593,0.310810810811,0.6,48,10399,1,7167,0
org/apache/jmeter/util/BeanShellClient.java,-1.0,0.0,0.574074074074,0.0276073619632,0.148148148148,2593,0.310810810811,0.747826086957,48,10399,1,4203,1
org/apache/jmeter/util/BeanShellTestElement.java,0.0,1.0,0.844262295082,0.176380368098,0.688524590164,2593,0.355555555556,0.131672597865,48,9608,3,6376,1
org/apache/jmeter/util/HttpSSLProtocolSocketFactory.java,-1.0,-1.0,0.260869565217,0.176380368098,-0.45652173913,2593,0.272727272727,0.430711610487,48,9869,3,5488,1
org/apache/jmeter/util/JMeterTreeNodeTransferable.java,-1.0,-1.0,0.333333333333,0.0322085889571,-0.333333333333,2593,0.34375,0.731958762887,48,4870,3,1638,1
org/apache/jmeter/util/JMeterTreeNodeTransferable.java,-1.0,-1.0,0.3,0.00306748466258,-0.4,2593,0.34375,0.474226804124,48,4870,2,1638,1
org/apache/jmeter/util/JMeterUtils.java,-1.0,0.0,0.333333333333,0.0322085889571,-0.333333333333,2593,0.78611898017,0.99704797048,48,3629,3,10529,1
org/apache/jmeter/util/JMeterUtils.java,0.5,0.0,1.0,0.0383435582822,1.0,2593,0.78611898017,0.591143911439,48,3629,1,10031,0
org/apache/jmeter/util/JMeterUtils.java,0.5,0.0,1.0,0.0383435582822,1.0,2593,0.78611898017,0.625830258303,48,3629,1,5233,0
org/apache/jmeter/util/JMeterUtils.java,0.5,0.0,1.0,0.0383435582822,1.0,2593,0.78611898017,0.610332103321,48,3629,1,10031,0
org/apache/jmeter/util/JMeterUtils.java,-1.0,0.0,0.574074074074,0.0276073619632,0.148148148148,2593,0.78611898017,0.458302583026,48,3629,1,1940,1
org/apache/jmeter/util/JMeterUtils.java,1.0,0.0,1.0,0.0383435582822,1.0,2593,0.78611898017,0.985977859779,48,3629,1,2002,0
org/apache/jmeter/util/JMeterUtils.java,-1.0,0.0,0.333333333333,0.176380368098,-0.333333333333,2593,0.78611898017,0.471586715867,48,3629,3,5233,1
org/apache/jmeter/util/JMeterUtils.java,0.5,0.0,0.275862068966,0.176380368098,-0.431034482759,2593,0.78611898017,0.611808118081,48,3629,3,10529,1
org/apache/jmeter/util/JSR223BeanInfoSupport.java,0.0,-1.0,0.666666666667,0.00306748466258,0.333333333333,2593,0.392156862745,0.679012345679,48,5766,2,418,1
org/apache/jmeter/util/JSR223TestElement.java,1.0,1.0,0.574074074074,0.0276073619632,0.148148148148,2593,0.394117647059,0.646946564885,48,3629,1,2251,0
org/apache/jmeter/util/JSR223TestElement.java,0.0,1.0,0.844262295082,0.176380368098,0.688524590164,2593,0.394117647059,0.24427480916,48,3629,3,4502,1
org/apache/jmeter/util/JsseSSLManager.java,0.0,-1.0,0.741935483871,0.0383435582822,0.483870967742,2593,0.835748792271,0.282296650718,48,4849,3,10208,1
org/apache/jmeter/util/PropertiesBasedPrefixResolver.java,-1.0,-1.0,0.333333333333,0.176380368098,-0.333333333333,2593,0.424242424242,0.626262626263,48,4597,2,1365,1
org/apache/jmeter/util/SSLManager.java,0.0,-1.0,0.142857142857,0.00306748466258,-0.714285714286,2593,0.746753246753,0.668831168831,48,13761,2,550,1
org/apache/jmeter/util/SSLManager.java,0.0,-1.0,0.142857142857,0.00306748466258,-0.714285714286,2593,0.746753246753,0.667207792208,48,13761,2,3256,1
org/apache/jmeter/util/SSLManager.java,0.0,-1.0,0.142857142857,0.00306748466258,-0.714285714286,2593,0.746753246753,0.665584415584,48,13761,2,3256,1
org/apache/jmeter/util/SSLManager.java,-1.0,-1.0,0.275862068966,0.176380368098,-0.431034482759,2593,0.746753246753,0.444805194805,48,13761,3,10529,1
org/apache/jmeter/util/SSLManager.java,-1.0,-1.0,0.275862068966,0.176380368098,-0.431034482759,2593,0.746753246753,0.730519480519,48,13761,3,10529,1
org/apache/jmeter/util/XPathUtil.java,-1.0,-1.0,0.275862068966,0.176380368098,-0.431034482759,2593,0.553113553114,0.988913525499,48,4849,2,7042,1
org/apache/jmeter/util/keystore/JmeterKeyStore.java,-1.0,-1.0,0.222222222222,0.176380368098,-0.555555555556,118,0.894736842105,0.987421383648,1,8465,3,7042,1
org/apache/jmeter/visualizers/AssertionVisualizer.java,0.0,1.0,0.844262295082,0.176380368098,0.688524590164,6525,0.259259259259,0.311475409836,99,7548,3,10529,1
org/apache/jmeter/visualizers/AxisGraph.java,-1.0,-1.0,0.3,0.00306748466258,-0.4,6525,0.396226415094,0.422018348624,99,7548,2,2797,1
org/apache/jmeter/visualizers/AxisGraph.java,-1.0,-1.0,0.1,0.00306748466258,-0.8,6525,0.396226415094,0.438073394495,99,7548,2,2797,1
org/apache/jmeter/visualizers/AxisGraph.java,-1.0,-1.0,0.1,0.00306748466258,-0.8,6525,0.396226415094,0.282110091743,99,7548,2,8099,1
org/apache/jmeter/visualizers/AxisGraph.java,-1.0,-1.0,0.1,0.00306748466258,-0.8,6525,0.396226415094,0.355504587156,99,7548,2,2479,1
org/apache/jmeter/visualizers/AxisGraph.java,-1.0,-1.0,0.1,0.00306748466258,-0.8,6525,0.396226415094,0.337155963303,99,7548,2,8099,1
org/apache/jmeter/visualizers/BSFListener.java,0.0,1.0,0.844262295082,0.176380368098,0.688524590164,6525,0.428571428571,0.3875,99,8477,3,5245,1
org/apache/jmeter/visualizers/BeanShellListener.java,0.0,1.0,0.844262295082,0.176380368098,0.688524590164,6525,0.46,0.367816091954,99,10273,3,7453,1
org/apache/jmeter/visualizers/ComparisonVisualizer.java,0.0,1.0,0.844262295082,0.176380368098,0.688524590164,6525,0.166666666667,0.257142857143,99,7548,3,4468,1
org/apache/jmeter/visualizers/DistributionGraphVisualizer.java,0.0,0.0,0.844262295082,0.176380368098,0.688524590164,6525,0.826086956522,0.201646090535,99,12159,3,8927,0
org/apache/jmeter/visualizers/CachingStatCalculator.java,0.0,0.0,0.357142857143,0.0322085889571,0.0714285714286,6525,0.727272727273,0.484848484848,99,7624,3,4392,1
org/apache/jmeter/visualizers/GraphVisualizer.java,0.0,0.0,0.844262295082,0.176380368098,0.688524590164,6525,0.695278969957,0.122844827586,99,4850,3,10529,1
org/apache/jmeter/visualizers/CachingStatCalculator.java,0.0,0.0,0.357142857143,0.0322085889571,0.0714285714286,6525,0.727272727273,0.484848484848,99,7624,3,4392,1
org/apache/jmeter/visualizers/JSR223Listener.java,0.0,1.0,0.844262295082,0.176380368098,0.688524590164,6525,0.477272727273,0.454545454545,99,4850,3,4502,1
org/apache/jmeter/visualizers/LineGraph.java,-1.0,-1.0,0.1,0.00306748466258,-0.8,6525,0.496855345912,0.374531835206,99,11089,2,7857,1
org/apache/jmeter/visualizers/LineGraph.java,-1.0,-1.0,0.1,0.00306748466258,-0.8,6525,0.496855345912,0.434456928839,99,11089,2,7857,1
org/apache/jmeter/visualizers/LineGraph.java,-1.0,-1.0,0.1,0.00306748466258,-0.8,6525,0.496855345912,0.449438202247,99,11089,2,7857,1
org/apache/jmeter/visualizers/MailerVisualizer.java,-1.0,-0.666666666667,0.260869565217,0.176380368098,-0.45652173913,6525,0.28664495114,0.795604395604,99,4850,3,5236,1
org/apache/jmeter/visualizers/MailerVisualizer.java,-1.0,-0.666666666667,0.260869565217,0.176380368098,-0.45652173913,6525,0.28664495114,0.846153846154,99,4850,3,5236,1
org/apache/jmeter/visualizers/MailerVisualizer.java,-1.0,-0.666666666667,0.166666666667,0.176380368098,-0.666666666667,6525,0.28664495114,0.736263736264,99,4850,3,5236,1
org/apache/jmeter/visualizers/MailerVisualizer.java,-1.0,-0.666666666667,0.166666666667,0.176380368098,-0.666666666667,6525,0.28664495114,0.254945054945,99,4850,3,5196,1
org/apache/jmeter/visualizers/MailerVisualizer.java,0.0,-0.666666666667,0.844262295082,0.176380368098,0.688524590164,6525,0.28664495114,0.142857142857,99,4850,3,10529,1
org/apache/jmeter/visualizers/MailerVisualizer.java,-1.0,-0.666666666667,0.166666666667,0.176380368098,-0.666666666667,6525,0.28664495114,0.281318681319,99,4850,3,5196,1
org/apache/jmeter/visualizers/MonitorGraph.java,0.0,1.0,1.0,0.0383435582822,1.0,6525,0.356589147287,0.253588516746,99,12277,2,1936,0
org/apache/jmeter/visualizers/MonitorGraph.java,0.0,1.0,1.0,0.0383435582822,1.0,6525,0.356589147287,0.239234449761,99,12277,2,1936,0
org/apache/jmeter/visualizers/MonitorHealthVisualizer.java,0.0,1.0,0.844262295082,0.176380368098,0.688524590164,6525,0.446428571429,0.25641025641,99,7485,3,9045,0
org/apache/jmeter/visualizers/MonitorModel.java,1.0,1.0,0.4,0.0322085889571,-0.2,6525,0.582089552239,0.8984375,99,9655,2,5233,0
org/apache/jmeter/visualizers/MonitorModel.java,0.5,1.0,0.5,0.0322085889571,0.0,6525,0.582089552239,0.80859375,99,9655,3,5233,0
org/apache/jmeter/visualizers/MonitorModel.java,0.5,1.0,0.5,0.0322085889571,0.0,6525,0.582089552239,0.83984375,99,9655,3,5233,0
org/apache/jmeter/visualizers/MonitorModel.java,0.5,1.0,0.5,0.0322085889571,0.0,6525,0.582089552239,0.87109375,99,9655,3,5233,0
org/apache/jmeter/visualizers/MonitorStats.java,0.0,1.0,0.844262295082,0.176380368098,0.688524590164,6525,0.681818181818,0.318681318681,99,12277,3,9045,0
org/apache/jmeter/visualizers/PropertyControlGui.java,1.0,1.0,0.333333333333,0.176380368098,-0.333333333333,6525,0.351515151515,0.887596899225,99,4850,3,5236,0
org/apache/jmeter/visualizers/PropertyControlGui.java,0.0,1.0,0.741935483871,0.0383435582822,0.483870967742,6525,0.351515151515,0.593023255814,99,4850,3,4629,1
org/apache/jmeter/visualizers/RenderAsCssJQuery.java,-1.0,-1.0,0.109375,0.176380368098,-0.765625,6525,0.35593220339,0.539007092199,99,4641,3,1409,1
org/apache/jmeter/visualizers/RenderAsDocument.java,0.0,1.0,0.844262295082,0.176380368098,0.688524590164,6525,0.689655172414,0.48275862069,99,4872,3,1640,1
org/apache/jmeter/visualizers/RenderAsHTML.java,0.0,1.0,0.844262295082,0.176380368098,0.688524590164,6525,0.522727272727,0.238993710692,99,7655,3,4423,1
org/apache/jmeter/visualizers/RenderAsHTMLWithEmbedded.java,0.0,-1.0,0.844262295082,0.176380368098,0.688524590164,6525,1.5,0.609756097561,99,7655,3,4423,1
org/apache/jmeter/visualizers/RenderAsJSON.java,0.0,1.0,0.844262295082,0.176380368098,0.688524590164,6525,0.302631578947,0.237288135593,99,7655,3,4423,1
org/apache/jmeter/visualizers/RenderAsRegexp.java,-1.0,-1.0,0.109375,0.176380368098,-0.765625,6525,0.3625,0.627450980392,99,7655,3,4423,1
org/apache/jmeter/visualizers/RenderAsText.java,0.0,-1.0,0.844262295082,0.176380368098,0.688524590164,6525,0.954545454545,0.5,99,7655,3,4423,1
org/apache/jmeter/visualizers/RenderAsXML.java,0.0,1.0,0.844262295082,0.176380368098,0.688524590164,6525,0.360544217687,0.2,99,7655,3,4423,1
org/apache/jmeter/visualizers/RenderAsXPath.java,-1.0,-1.0,0.275862068966,0.176380368098,-0.431034482759,6525,0.367567567568,0.491694352159,99,3863,3,631,1
org/apache/jmeter/visualizers/RenderAsXPath.java,-1.0,-1.0,0.109375,0.176380368098,-0.765625,6525,0.367567567568,0.681063122924,99,3863,3,631,1
org/apache/jmeter/visualizers/RequestPanel.java,-1.0,-1.0,0.275862068966,0.176380368098,-0.431034482759,6525,0.666666666667,0.6,99,7205,3,3973,1
org/apache/jmeter/visualizers/RespTimeGraphChart.java,-1.0,-1.0,0.3,0.00306748466258,-0.4,6525,0.38188976378,0.448441247002,99,5412,2,2180,1
org/apache/jmeter/visualizers/RespTimeGraphChart.java,-1.0,-1.0,0.1,0.00306748466258,-0.8,6525,0.38188976378,0.465227817746,99,5412,2,2180,1
org/apache/jmeter/visualizers/RespTimeGraphChart.java,-1.0,-1.0,0.1,0.00306748466258,-0.8,6525,0.38188976378,0.304556354916,99,5412,2,2180,1
org/apache/jmeter/visualizers/RespTimeGraphChart.java,-1.0,-1.0,0.1,0.00306748466258,-0.8,6525,0.38188976378,0.362110311751,99,5412,2,2180,1
org/apache/jmeter/visualizers/RespTimeGraphChart.java,-1.0,-1.0,0.1,0.00306748466258,-0.8,6525,0.38188976378,0.342925659472,99,5412,2,2180,1
org/apache/jmeter/visualizers/RespTimeGraphVisualizer.java,0.0,-0.666666666667,0.844262295082,0.176380368098,0.688524590164,6525,0.122222222222,0.0787564766839,99,5412,3,2180,1
org/apache/jmeter/visualizers/RespTimeGraphDataBean.java,0.0,0.0,0.357142857143,0.0322085889571,0.0714285714286,6525,1.66666666667,0.478723404255,99,5022,2,1790,1
org/apache/jorphan/math/StatCalculatorLong.java,0.0,0.0,0.357142857143,0.0322085889571,0.0714285714286,155,1.55,0.413793103448,4,7813,2,4581,1
org/apache/jmeter/visualizers/RespTimeGraphLineBean.java,0.0,0.0,0.357142857143,0.0322085889571,0.0714285714286,6525,1.60869565217,0.542857142857,99,5412,2,2180,1
org/apache/jmeter/visualizers/SamplerResultTab.java,1.0,-0.5,1.0,0.176380368098,1.0,6525,0.187989556136,0.511754068716,99,7655,3,4423,0
org/apache/jmeter/visualizers/SamplerResultTab.java,-1.0,-0.5,0.109375,0.176380368098,-0.765625,6525,0.187989556136,0.370705244123,99,7655,3,4423,1
org/apache/jmeter/visualizers/SamplerResultTab.java,-1.0,-0.5,0.109375,0.176380368098,-0.765625,6525,0.187989556136,0.658227848101,99,7655,3,4423,1
org/apache/jmeter/visualizers/SamplerResultTab.java,-1.0,-0.5,0.109375,0.176380368098,-0.765625,6525,0.187989556136,0.614828209765,99,7655,3,4423,1
org/apache/jmeter/visualizers/SearchTextExtension.java,-1.0,-1.0,0.266666666667,0.176380368098,-0.466666666667,6525,0.25,0.44406779661,99,7790,3,4558,1
org/apache/jmeter/visualizers/SearchTextExtension.java,-1.0,-1.0,0.109375,0.176380368098,-0.765625,6525,0.25,0.935593220339,99,7790,3,4558,1
org/apache/jmeter/visualizers/SearchTextExtension.java,-1.0,-1.0,0.109375,0.176380368098,-0.765625,6525,0.25,0.447457627119,99,7790,3,4558,1
org/apache/jmeter/visualizers/SearchTextExtension.java,-1.0,-1.0,0.109375,0.176380368098,-0.765625,6525,0.25,0.932203389831,99,7790,3,4558,1
org/apache/jmeter/visualizers/ServerPanel.java,1.0,1.0,1.0,0.176380368098,1.0,6525,0.653846153846,0.656862745098,99,12277,2,7042,0
org/apache/jmeter/visualizers/Spline3.java,1.0,1.0,1.0,0.176380368098,1.0,6525,0.69298245614,0.772093023256,99,8468,3,5236,0
org/apache/jmeter/visualizers/SplineModel.java,1.0,1.0,1.0,0.176380368098,1.0,6525,0.325,0.852941176471,99,8468,3,5236,0
org/apache/jmeter/visualizers/SplineModel.java,0.0,1.0,1.0,0.0383435582822,1.0,6525,0.325,0.213235294118,99,8468,2,10342,0
org/apache/jmeter/visualizers/SplineVisualizer.java,0.0,1.0,1.0,0.0383435582822,1.0,6525,0.188340807175,0.188405797101,99,11540,2,10342,0
org/apache/jmeter/visualizers/SplineVisualizer.java,0.0,1.0,1.0,0.0383435582822,1.0,6525,0.188340807175,0.182608695652,99,11540,2,10342,0
org/apache/jmeter/visualizers/StatGraphProperties.java,0.0,1.0,0.666666666667,0.00306748466258,0.333333333333,6525,0.431818181818,0.452054794521,99,3629,2,2797,0
org/apache/jmeter/visualizers/StatGraphProperties.java,0.0,1.0,0.666666666667,0.00306748466258,0.333333333333,6525,0.431818181818,0.479452054795,99,3629,2,2191,0
org/apache/jmeter/visualizers/StatGraphVisualizer.java,1.0,-0.25,0.574074074074,0.0276073619632,0.148148148148,6525,0.113636363636,0.643378519291,99,11331,1,2868,0
org/apache/jmeter/visualizers/StatGraphVisualizer.java,1.0,-0.25,1.0,0.0383435582822,1.0,6525,0.113636363636,0.106360792492,99,11331,3,74,0
org/apache/jmeter/visualizers/StatGraphVisualizer.java,-1.0,-0.25,0.222222222222,0.176380368098,-0.555555555556,6525,0.113636363636,0.55787278415,99,11331,3,7042,1
org/apache/jmeter/visualizers/StatGraphVisualizer.java,0.0,-0.25,0.844262295082,0.176380368098,0.688524590164,6525,0.113636363636,0.0980187695516,99,11331,3,8099,1
org/apache/jmeter/visualizers/BarGraph.java,0.0,0.0,0.357142857143,0.0322085889571,0.0714285714286,6525,1.28125,0.454545454545,99,5711,2,2479,1
org/apache/jmeter/visualizers/StatVisualizer.java,1.0,-0.2,0.574074074074,0.0276073619632,0.148148148148,6525,0.862745098039,0.675078864353,99,11540,1,2868,0
org/apache/jmeter/visualizers/StatVisualizer.java,0.0,-0.2,0.844262295082,0.176380368098,0.688524590164,6525,0.862745098039,0.18927444795,99,11540,3,10529,1
org/apache/jmeter/visualizers/SummaryReport.java,1.0,-0.2,0.574074074074,0.0276073619632,0.148148148148,6525,0.201005025126,0.955719557196,99,10183,1,5236,0
org/apache/jmeter/visualizers/SummaryReport.java,0.0,-0.2,0.844262295082,0.176380368098,0.688524590164,6525,0.201005025126,0.228782287823,99,10183,3,7196,1
org/apache/jmeter/util/Calculator.java,0.0,0.0,0.357142857143,0.0322085889571,0.0714285714286,2593,0.686440677966,0.142259414226,48,10182,2,7189,1
org/apache/jmeter/visualizers/TableVisualizer.java,0.0,1.0,0.844262295082,0.176380368098,0.688524590164,6525,0.151394422311,0.176470588235,99,7861,3,10529,1
org/apache/jmeter/visualizers/ViewResultsFullVisualizer.java,1.0,0.333333333333,0.275862068966,0.176380368098,-0.431034482759,6525,0.259615384615,0.742793791574,99,4850,3,10529,0
org/apache/jmeter/visualizers/ViewResultsFullVisualizer.java,0.0,0.333333333333,0.844262295082,0.176380368098,0.688524590164,6525,0.259615384615,0.155210643016,99,4850,3,10529,1
org/apache/jmeter/visualizers/XMLDefaultMutableTreeNode.java,-1.0,-1.0,0.266666666667,0.176380368098,-0.466666666667,6525,0.80198019802,0.933962264151,99,8468,3,5236,1
org/apache/jmeter/visualizers/backend/BackendListener.java,0.0,-0.333333333333,0.844262295082,0.176380368098,0.688524590164,472,0.570909090909,0.101239669421,11,3340,3,108,1
org/apache/jmeter/visualizers/backend/BackendListenerGui.java,-1.0,-1.0,0.260869565217,0.176380368098,-0.45652173913,472,0.469512195122,0.833333333333,11,3340,3,64,1
org/apache/jmeter/visualizers/backend/BackendListenerGui.java,-1.0,-1.0,0.260869565217,0.176380368098,-0.45652173913,472,0.469512195122,0.939716312057,11,3340,3,108,1
org/apache/jmeter/visualizers/backend/BackendListenerGui.java,-1.0,-1.0,0.275862068966,0.176380368098,-0.431034482759,472,0.469512195122,0.723404255319,11,3340,3,108,1
org/apache/jmeter/visualizers/backend/SamplerMetric.java,0.0,-1.0,0.142857142857,0.00306748466258,-0.714285714286,472,1.58333333333,0.600364963504,11,3340,2,63,1
org/apache/jmeter/visualizers/backend/SamplerMetric.java,0.0,-1.0,0.142857142857,0.00306748466258,-0.714285714286,472,1.58333333333,0.578467153285,11,3340,2,63,1
org/apache/jmeter/visualizers/backend/graphite/PickleGraphiteMetricsSender.java,-0.5,-0.6,0.0,0.0322085889571,-1.0,357,0.545454545455,0.618784530387,9,3338,2,106,1
org/apache/jmeter/visualizers/backend/graphite/PickleGraphiteMetricsSender.java,-0.5,-0.6,0.275862068966,0.176380368098,-0.431034482759,357,0.545454545455,0.640883977901,9,3338,3,106,1
org/apache/jmeter/visualizers/backend/graphite/PickleGraphiteMetricsSender.java,-0.5,-0.6,0.109375,0.176380368098,-0.765625,357,0.545454545455,0.668508287293,9,3338,3,106,0
org/apache/jmeter/visualizers/backend/graphite/PickleGraphiteMetricsSender.java,-1.0,-0.6,0.109375,0.176380368098,-0.765625,357,0.545454545455,0.779005524862,9,3338,3,106,1
org/apache/jmeter/visualizers/backend/graphite/PickleGraphiteMetricsSender.java,-0.5,-0.6,0.109375,0.176380368098,-0.765625,357,0.545454545455,0.632596685083,9,3338,3,106,1
org/apache/jmeter/visualizers/backend/graphite/TextGraphiteMetricsSender.java,-1.0,-1.0,0.0,0.0322085889571,-1.0,357,0.542857142857,0.715447154472,9,3338,2,106,1
org/apache/jmeter/visualizers/gui/AbstractVisualizer.java,-1.0,-1.0,0.260869565217,0.176380368098,-0.45652173913,120,1.17880794702,0.802228412256,5,8465,3,10315,1
org/apache/jmeter/visualizers/gui/AbstractVisualizer.java,-1.0,-1.0,0.260869565217,0.176380368098,-0.45652173913,120,1.17880794702,0.760445682451,5,8465,3,10141,1
org/apache/jmeter/visualizers/utils/Colors.java,-1.0,-1.0,0.275862068966,0.176380368098,-0.431034482759,43,0.385964912281,0.927083333333,1,5423,3,2191,1
org/apache/jorphan/collections/Data.java,1.0,1.0,0.574074074074,0.0276073619632,0.148148148148,741,0.633333333333,0.551575931232,9,8674,1,4645,0
org/apache/jorphan/collections/Data.java,1.0,1.0,0.275862068966,0.176380368098,-0.431034482759,741,0.633333333333,0.636103151862,9,8674,3,7042,0
org/apache/jorphan/collections/Data.java,1.0,1.0,0.275862068966,0.176380368098,-0.431034482759,741,0.633333333333,0.607449856734,9,8674,3,7042,0
org/apache/jorphan/collections/HashTree.java,-1.0,-1.0,0.4,0.0322085889571,-0.2,741,1.36038186158,0.583718778908,9,13194,1,10098,1
org/apache/jorphan/collections/HashTree.java,-1.0,-1.0,0.222222222222,0.176380368098,-0.555555555556,741,1.36038186158,0.750231267345,9,13194,3,9991,1
org/apache/jorphan/collections/HashTree.java,-1.0,-1.0,0.222222222222,0.176380368098,-0.555555555556,741,1.36038186158,0.781683626272,9,13194,3,8643,1
org/apache/jorphan/collections/ListedHashTree.java,-1.0,0.0,0.4,0.0322085889571,-0.2,741,0.322147651007,0.337777777778,9,8720,2,9991,1
org/apache/jorphan/collections/ListedHashTree.java,0.0,0.0,0.844262295082,0.176380368098,0.688524590164,741,0.322147651007,0.182222222222,9,8720,3,10453,1
org/apache/jorphan/collections/SortedHashTree.java,1.0,1.0,1.0,0.176380368098,1.0,741,0.524590163934,0.834862385321,9,10179,3,4432,0
org/apache/jorphan/collections/SortedHashTree.java,1.0,1.0,1.0,0.176380368098,1.0,741,0.524590163934,0.899082568807,9,10179,3,4432,0
org/apache/jorphan/collections/SortedHashTree.java,1.0,1.0,1.0,0.176380368098,1.0,741,0.524590163934,0.963302752294,9,10179,3,4432,0
org/apache/jorphan/collections/SortedHashTree.java,0.0,1.0,0.844262295082,0.176380368098,0.688524590164,741,0.524590163934,0.385321100917,9,10179,3,10453,0
org/apache/jorphan/exec/StreamGobbler.java,1.0,1.0,0.574074074074,0.0276073619632,0.148148148148,386,0.861111111111,0.684931506849,4,4211,1,851,0
org/apache/jorphan/exec/SystemCommand.java,-1.0,-1.0,0.333333333333,0.0322085889571,-0.333333333333,386,0.475,0.72265625,4,4210,3,978,1
org/apache/jorphan/gui/MenuScroller.java,-1.0,-1.0,0.166666666667,0.176380368098,-0.666666666667,904,1.05483870968,0.810271041369,27,4659,3,1427,1
org/apache/jorphan/gui/MenuScroller.java,-1.0,-1.0,0.0,0.00306748466258,-1.0,904,1.05483870968,0.754636233951,27,4659,2,1427,1
org/apache/jorphan/gui/MenuScroller.java,0.0,-1.0,0.0,0.0383435582822,-1.0,904,1.05483870968,0.920114122682,27,4659,3,1427,1
org/apache/jorphan/gui/MenuScroller.java,0.0,-1.0,0.0,0.0383435582822,-1.0,904,1.05483870968,0.894436519258,27,4659,3,1427,1
org/apache/jorphan/io/TextFile.java,-1.0,-1.0,0.574074074074,0.0276073619632,0.148148148148,81,0.794392523364,0.674641148325,1,13287,1,5233,1
org/apache/jorphan/io/TextFile.java,-1.0,-1.0,0.574074074074,0.0276073619632,0.148148148148,81,0.794392523364,0.555023923445,1,13287,1,9475,1
org/apache/jorphan/logging/LoggingManager.java,1.0,1.0,0.333333333333,0.0322085889571,-0.333333333333,157,0.676767676768,0.509485094851,1,8674,3,5233,0
org/apache/jorphan/logging/LoggingManager.java,1.0,1.0,0.574074074074,0.0276073619632,0.148148148148,157,0.676767676768,0.525745257453,1,8674,1,9991,0
org/apache/jorphan/logging/LoggingManager.java,1.0,1.0,0.574074074074,0.0276073619632,0.148148148148,157,0.676767676768,0.539295392954,1,8674,1,9991,0
org/apache/jorphan/reflect/ClassFinder.java,1.0,1.0,0.75,0.176380368098,0.5,448,0.718032786885,0.309187279152,6,7862,2,7815,0
org/apache/jorphan/reflect/ClassFinder.java,1.0,1.0,0.75,0.176380368098,0.5,448,0.718032786885,0.976148409894,6,7862,2,9991,0
org/apache/jorphan/reflect/Functor.java,-1.0,-1.0,0.333333333333,0.0322085889571,-0.333333333333,448,0.934959349593,0.752436647173,6,7862,3,5233,1
org/apache/jorphan/reflect/Functor.java,-1.0,-1.0,0.333333333333,0.0322085889571,-0.333333333333,448,0.934959349593,0.797270955166,6,7862,3,5233,1
org/apache/jorphan/reflect/Functor.java,-1.0,-1.0,0.275862068966,0.176380368098,-0.431034482759,448,0.934959349593,0.666666666667,6,7862,3,7042,1
org/apache/jorphan/reflect/Functor.java,-1.0,-1.0,0.275862068966,0.176380368098,-0.431034482759,448,0.934959349593,0.506822612086,6,7862,3,7042,1
